Stage Name,Full Name,Date of Birth,Group,Country,Birthplace,Other Group,Gender
A.M,Seong Hyunwoo,12/31/96,Limitless,South Korea,,,M
Ace,Jang Wooyoung,8/28/92,VAV,South Korea,,,M
Aeji,Kwon Aeji,10/25/99,Hashtag,South Korea,Daegu,,F
AhIn,Lee Ahin,9/27/99,MOMOLAND,South Korea,Wonju,,F
Ahra,Go Ahra,2/21/01,Favorite,South Korea,Yeosu,,F
Ahyoon,Choi Subin,10/23/04,BOTOPASS,South Korea,,,F
Ahyoung,Cho Jayoung,5/26/91,Dal Shabet,South Korea,Seoul,,F
Ahyung,Kang Ahyoung,8/27/96,P.O.P,South Korea,Pohang,,F
Ailee,Lee Yejin,5/30/89,,South Korea,Denver,,F
Aini,Kim Heejung,7/13/91,,South Korea,,,F
Aisha,Heo Yoorim,7/21/00,Everglow,South Korea,,,F
Alex,Alexander Schmidt Lee,7/9/02,DRIPPIN,Germany,,,M
AleXa,Kim Seri,12/6/96,,USA,,,F
Alice,Song Joohee,3/21/90,Hello Venus,South Korea,Wonju,,F
Allen,Allen Ma,4/26/99,CRAVITY,USA,,,M
Amber,Amber Josephine Liu,9/18/92,f(x),USA,Los Angeles,,F
Anne,Lee Seoyoung,10/17/00,GWSN,South Korea,,,F
Anthony,Anthony Lo,3/12/98,VARSITY,China,,,M
Arang,Son Mnjung,3/8/00,,South Korea,,,F
Arang,Park Yerim,1/22/01,Pink Fantasy,South Korea,,,F
Areum,Kim Daun,1/31/98,AREAL,South Korea,,,F
Ari,Kim Sunyoung,10/23/94,Tahiti,South Korea,Daegu,,F
Ari,Hwang Nayoon,3/30/99,RedSquare,South Korea,Seoul,,F
Arie,Jeon Minjae,4/7/00,MIXX,South Korea,,,F
Arin,Choi Yewon,6/18/99,Oh My Girl,South Korea,Busan,,F
Aron,Kwak Youngmin,5/21/93,NU'EST,South Korea,California,NU'EST W,M
Asahi,Hanada Asahi,8/20/01,Treasure,Japan,,,M
Ashley,Ashley Choi,11/9/91,Ladies' Code,South Korea,Incheon,,F
Aurora,Yang Lan,1/14/97,NATURE,China,,,F
Avin,Park Donghyun,12/18/99,ENOi,South Korea,,,M
Ayamy,,7/15/00,Bling Bling,Japan,,,F
Ayeon,Son Minji,9/29/02,Saturday,South Korea,,,F
Ayno,Noh Yoonho,5/1/96,VAV,South Korea,,,M
B-Bomb,Lee Minhyuk,12/14/90,Block B,South Korea,Seoul,Bastarz,M
B-Joo,Kim Byungjoo,1/8/94,Topp Dogg,South Korea,Seoul,,M
B.I,Kim Hanbin,10/22/96,,South Korea,Goyang,,M
B.S,Lee Youngsoo,4/14/95,14U,South Korea,,,M
Babysoul,Lee Soojung,7/6/92,Lovelyz,South Korea,Gwangju,,F
Bada,Kim Bada,5/28/02,Hinapia,South Korea,,,F
Baekah,Kim Sua,10/24/99,XUM,South Korea,,,F
Baekgyeul,Baek Sunwoo,12/1/99,E'LAST,South Korea,,,M
Baekho,Kang Dongho,7/21/95,NU'EST,South Korea,Jeju,NU'EST W,M
Baekhyun,Byun Baekhyun,5/6/92,EXO,South Korea,Wonmi,"EXO-CBX, SuperM",M
BamBam,Kunpimook Bhuwakul,5/2/97,GOT7,Thailand,Bangkok,,M
Bang Chan,Bang Chan,10/3/97,Stray Kids,Australia,Sydney,3RACHA,M
Baro,Cha Sunwoo,9/5/92,,South Korea,Gwangju,,M
Baron,Choi Chunghyeop,4/19/92,VAV,South Korea,,,M
BC,Jin Sungho,7/18/94,1TEAM,South Korea,,,M
Bekah,Rebecca Kim,8/11/89,,South Korea,Honolulu,,F
BEL,Choi Sunghoon,5/21/00,DUSTIN,South Korea,,,M
Bella,Choi Yuna,2/2/99,ELRIS,South Korea,,,F
Belle,Jin Hyeonjoo,11/3/01,Cignature,South Korea,Goyang,,F
Benji,Baek Jaewook,5/3/92,B.I.G,USA,Indianapolis,,M
Beomgyu,Choi Beomgyu,3/13/01,TXT,South Korea,,,M
Bian,Yu Jiwon,2/13/01,ANS,South Korea,,,F
BIBI,Kim Hyungseo,9/27/98,,South Korea,,,F
Bic,Nam Seungmin,4/25/01,MCND,South Korea,,,M
Bin,Kwon Soobin,10/28/93,Hot Blood Youth,South Korea,,,M
Binnie,Bae Yubin,9/9/97,Oh My Girl,South Korea,Chuncheon,,F
Bit,No Minjae,7/21/04,BAE173,South Korea,,,M
Bitsaeon,Kim Sangyeon,6/4/95,MONT,South Korea,,,M
Bitto,Lee Changhyun,8/24/96,UP10TION,South Korea,Dongducheon,,M
Blue,Jung Gahee,1/18/94,Pungdeng-E,South Korea,Gwangju,,F
BM,Matthew Kim,10/20/92,KARD,South Korea,,,M
BoA,Kwon Boa,11/5/89,,South Korea,Guri,,F
Boa,Kim Boah,1/14/87,KEEMBO,South Korea,,,F
Bobby,Kim Jiwon,12/21/95,iKON,South Korea,Seoul,,M
Bohyung,Kim Bohyung,3/31/91,KEEMBO,South Korea,,SPICA-S,F
Bokeun,Kim Bokeun,10/12/94,SIGNAL,South Korea,,,M
Bom,Park Bom,3/24/84,2NE1,South Korea,,,F
Bomi,Yoon Bomi,9/13/93,Apink,South Korea,Suwon,,F
Bomin,Choi Bomin,8/24/00,Golden Child,South Korea,,,M
Bomin,Kim Bomin,9/24/01,RedSquare,South Korea,Gwangju,,F
Bona,Kim Jiyeon,8/19/95,Cosmic Girls,South Korea,Daegu,,F
Boni,Choi Euijeong,10/30/99,Dreamnote,South Korea,,,F
Bora,Yoon Bora,12/30/89,SISTAR,South Korea,,SISTAR19,F
Bora,Kim Bora,3/3/99,Cherry Bullet,South Korea,,,F
Boram,Jeon Boram,3/22/86,T-ara,South Korea,Seoul,,F
Bullet,Jin Junwoo,12/2/95,VARSITY,South Korea,Seoul,,M
BX,Lee Byounggon,3/5/98,CIX,South Korea,Incheon,,M
Byungchan,Choi Byungchan,11/12/97,VICTON,South Korea,,,M
C.A.P,Bang Minsoo,11/4/92,Teen Top,South Korea,Seongnam,,M
Cao Lu,Cao Lu,8/30/87,Fiestar,China,Zhangjiajie,,F
Casper,Chu Xiaoxiang,3/20/91,CROSS GENE,China,Shanghai,,M
Castle J,Son Sangjoon,5/31/99,MCND,South Korea,,,M
Cha Hoon,Cha Hoon,7/12/94,N.Flying,South Korea,Seoul,,M
Chaea,Kim Chaeyoung,7/5/97,RedSquare,South Korea,Gunsan,,F
Chaebin,Choi Yoobin,7/28/99,NATURE,South Korea,,,F
Chaehyun,Kim Chaehyun,11/29/99,Bonus Baby,South Korea,,,F
Chaein,Lee Chaeyoung,12/5/02,Purple Kiss,South Korea,,,F
Chaejin,Chae Jinseok,12/26/95,MYNAME,South Korea,Seoul,,M
Chaekyung,Yoon Chaekyung,7/7/96,APRIL,South Korea,Incheon,"C.I.V.A, I.B.I",F
Chaelin,Lee Chaelin,10/20/99,FANATICS,South Korea,,,F
Chaerin,Park Chaerin,3/13/02,Cherry Bullet,South Korea,,,F
Chaeryeong,Lee Chaeryeong,6/5/01,ITZY,South Korea,,,F
Chaesol,Maeng Chaesol,7/14/98,Cignature,South Korea,Yeosu,,F
Chaewon,Kim Chaewon,11/8/97,APRIL,South Korea,Gongju,,F
Chaewon,Kim Chaewon,8/1/00,IZ*ONE,South Korea,Seoul,,F
Chaewon,Lee Chaewon,3/18/00,Maka Maka,South Korea,,,F
ChaeY,Song Chaeyeon,1/6/03,CRAXY,South Korea,,,F
Chaeyeon,Jung Chaeyeon,12/1/97,DIA,South Korea,Suncheon,I.O.I,F
Chaeyeon,Kim Chaeyeon,12/4/04,Busters,South Korea,,,F
Chaeyeon,Lee Chaeyeon,1/11/00,IZ*ONE,South Korea,Yongin,,F
Chaeyoung,Son Chaeyoung,4/23/99,Twice,South Korea,Seoul,,F
Chaeyoung,Lee Chaeyoung,5/14/00,fromis_9,South Korea,Pohang,,F
Chahee,Park Sooyoung,3/24/96,MELODYDAY,South Korea,,,F
Chan,Jung Chanwoo,1/26/98,iKON,South Korea,Yongin,,M
Chan,Kang Yoochan,12/31/97,A.C.E,South Korea,Jeju,UNB,M
Chan,Jo Chanhyuk,12/8/99,TOO,South Korea,,,M
Changbin,Seo Changbin,8/11/99,Stray Kids,South Korea,Yongin,3RACHA,M
Changbum,Woo Changbum,10/7/93,,South Korea,Sokcho,,M
Changgyu,Song Changgyu,7/6/93,UNVS,South Korea,,,M
Changjo,Choi Jonghyun,11/16/95,Teen Top,South Korea,Chuncheon,,M
Changsub,Lee Changsub,2/26/91,BtoB,South Korea,Suwon,,M
Changsun,Lee Changsun,3/17/96,24K,South Korea,,,M
Changuk,Joo Changuk,7/25/01,DRIPPIN,South Korea,,,M
Chani,Kang Chanhee,1/17/00,SF9,South Korea,,,M
Chanmi,Kim Chanmi,6/19/96,AoA,South Korea,Gumi,,F
Chansung,Hwang Chansung,2/11/90,2PM,South Korea,Seoul,,M
Chanyeol,Park Chanyeol,11/27/92,EXO,South Korea,Seoul,,M
Chanyong,Kim Chanyong,4/29/93,100%,South Korea,Suwon,,M
Chanyoung,Kim Chanyoung,11/20/00,D-CRUNCH,South Korea,,,M
Chen,Kim Jongdae,9/21/92,EXO,South Korea,Silheung,EXO-CBX,M
Cheng Xiao,Cheng Xiao,7/15/98,Cosmic Girls,China,Shenzhen,,F
Chenle,Zhong Chenle,11/22/01,NCT,China,Shanghai,NCT Dream,M
Cheongeum,Jang Cheongeum,6/19/96,Ho1iday,South Korea,,,F
Chiayi,Li Chiayi,1/22/00,FANATICS,Taiwan,,FANATICS FLAVOR,F
Chihoon,Choi Chihoon,4/27/99,TOO,South Korea,,,M
Choa,Park Choa,3/6/90,,South Korea,Incheon,,F
Choa,Heo Minjin,7/12/90,Crayon Pop,South Korea,Seoul,,F
Choerry,Choi Yerim,6/4/01,LOONA,South Korea,,Loona Odd Eye Circle,F
Choi In,Choi In,2/11/96,E'LAST,South Korea,,,M
Choi Jiann,Choi Jaewoo,9/30/97,Newkidd,South Korea,,,M
Chorong,Park Chorong,3/3/91,Apink,South Korea,Chungwongoon,,F
Chungha,Kim Chungha,2/9/96,,South Korea,Dallas,,F
Chunji,Lee Chanhee,10/5/93,Teen Top,South Korea,Seongnam,,M
Chuu,Kim Jiwoo,10/20/99,LOONA,South Korea,Cheongju,Loona yyxy,F
CL,Lee Chaerin,2/26/91,2NE1,South Korea,,,F
CNU,Shin Dongwoo,6/16/91,B1A4,South Korea,Seoul,,M
Cory,Hong Joohyung,11/25/90,24K,South Korea,Daegu,,M
Cui Xiang,Cui Xiang,1/26/95,BOTOPASS,China,,,F
Cya,Lee Giwook,1/24/00,Onewe,South Korea,,,M
D.ana,Cho Eunae,9/10/95,Sonamoo,South Korea,Seoul,,F
D.O.,Do Kyungsoo,1/12/93,EXO,South Korea,Gyeonggi,,M
D1,Jang Dongil,2/15/98,DKB,South Korea,,,M
Dabi,Park Jiwon,1/19/00,AREAL,South Korea,,,F
Daehwi,Lee Daehwi,1/29/01,AB6IX,South Korea,Seoul,,M
Daehyeon,Jang Daehyeon,2/11/97,WEi,South Korea,,,M
Daehyun,Jung Daehyun,6/28/93,B.A.P,South Korea,Busan,,M
Daeil,Kim Daeil,5/10/92,,South Korea,Busan,,M
Daesung,Daesung,4/26/89,BIGBANG,South Korea,Incheon,,M
Daeun,Jung Daeun,6/3/94,2EYES,South Korea,Bucheon,,F
Daewang Nim,Daewang Nim,4/8/96,Pink Fantasy,South Korea,,,F
Daeyeol,Lee Daeyeol,2/11/93,Golden Child,South Korea,Yongin,,M
Daeyeon,Hwang Da Kyeon,11/17/95,XUM,South Korea,,,F
Dahye,Song Dahye,6/12/93,,South Korea,,,F
Dahyun,Kim Dahyun,5/28/98,Twice,South Korea,Seongnam,,F
Dahyun,Jeong Dahyun,4/29/05,Rocket Punch,South Korea,,,F
Dain,Song Jieun,6/25/90,,South Korea,,,F
Daisy,Yoo Jeongahn,1/22/99,,South Korea,Seoul,,F
Dajeong,Kim Dajeong,8/8/95,Hashtag,South Korea,Gwangju,,F
Dalyn,Lee Sohyun,8/27/99,ANS,South Korea,,,F
Dami,Lee Yoobin,3/7/97,Dreamcatcher,South Korea,Seoul,,F
Dami,Hong Dayoung,6/7/01,ANS,South Korea,,,F
Damon,Hu Boohan,7/2/96,VARSITY,China,,,M
Dan-a,Park Seungyeon,6/26/93,Matilda,South Korea,,,F
Daniel,Kang Daniel,12/10/96,Wanna One,South Korea,Busan,,M
Dany,Jeon Eunji,1/20/98,Ho1iday,South Korea,,,F
Daon,Ahn Seonil,12/10/00,DUSTIN,South Korea,,,M
Dara,Park Sandara,11/12/84,2NE1,South Korea,,,F
Daseul,Yang Daseul,9/14/00,Maka Maka,South Korea,,,F
Dasom,Kim Dasom,5/6/93,SISTAR,South Korea,,,F
Dasom,Lee Dasom,11/13/93,2EYES,South Korea,Cheongju,,F
Dawon,Nam Dawon,3/16/97,Cosmic Girls,South Korea,Seoul,,F
Dawon,Lee Sanghyuk,7/24/95,SF9,South Korea,,,M
Dawon,Cho Dawon,5/12/00,VARSITY,South Korea,,,M
Dawon,Lee Dawon,12/2/96,ARIAZ,South Korea,,,F
Daye,Kim Hyunjung,2/25/98,Berry Good,South Korea,,,F
Dayoung,Kim Dayoung,2/2/91,Blady,South Korea,Jeonju,,F
Dayoung,Im Dayoung,5/14/99,Cosmic Girls,South Korea,Jeju,WJSN Chocome,F
Dayun,Kim Dayun,11/20/00,Bonus Baby,South Korea,,,F
Della,Park Sehyun,9/3/95,Rockit Girl,South Korea,,,F
Denise,Kim Denise,1/11/01,SECRET NUMBER,South Korea,,,F
Dia,Kwak Minnyeong,9/3/99,Maka Maka,South Korea,,,F
Dino,Lee Chan,2/11/99,Seventeen,South Korea,Iksan,,M
Dita,Dita Karang,12/25/96,SECRET NUMBER,Indonesia,Yogyakarta,,F
DK,Lee Seongmin,2/18/97,Seventeen,South Korea,Yongin,,M
DK,Kim Donghyuk,1/3/97,iKON,South Korea,,,M
Doah,Kim Doah,12/4/03,FANATICS,South Korea,,FANATICS FLAVOR,F
Doha,Na Gyumin,3/7/04,BAE173,South Korea,,,M
Dohee,Yoon Dohee,9/24/99,,South Korea,,,F
Dohyon,Nam Dohyon,11/10/04,BAE173,South Korea,,,M
Dohyuk,Kim Dohyuk,1/16/98,14U,South Korea,,,M
Doi,Kim Doi,4/12/94,FANATICS,South Korea,,,F
Dojin,Jeon Yongtae,3/7/97,ENOi,South Korea,,,M
Dokyun,Na Dokyun,2/11/91,HISTORY,South Korea,Daejeon,,M
Donggeon,Song Donggeon,7/15/99,TOO,South Korea,,,M
Donghae,Lee Donghae,10/15/86,Super Junior,South Korea,Mokpo,Super Junior-M,M
Donghan,Kim Donghan,7/3/98,WEi,South Korea,Daegu,,M
Dongheon,Lee Dongheon,8/4/95,Verivery,South Korea,,,M
Donghun,Lee Donghun,5/15/93,A.C.E,South Korea,Suncheon,,M
Donghyun,Kim Donghyun,2/12/89,Boyfriend,South Korea,Seoul,,M
Donghyun,Kim Donghyun,2/23/99,Golden Child,South Korea,,,M
Donghyun,Kim Donghyun,9/17/98,AB6IX,South Korea,Daejeon,MXM,M
Dongjun,Kim Dongjun,2/11/92,ZE:A,South Korea,Busan,,M
Dongjun,Hwang Dongjun,9/7/99,Ghost9,South Korea,,,M
Dongkyu,Moon Dongkyu,11/16/92,Spectrum,South Korea,,,M
Dongmyeong,Son Dongmyeong,1/20/00,Onewe,South Korea,,,M
Dongpyo,Son Dongpyo,9/9/02,,South Korea,,,M
Dongwon,Lee Dongwon,1/1/94,KNK,South Korea,,,M
Dongwoo,Jang Dongwoo,11/22/90,Infinite,South Korea,Guri,Infinite H,M
Dongwoon,Son Dongwoon,6/6/91,Highlight,South Korea,Busan,,M
Dongyun,Kim Dongyun,2/18/02,DRIPPIN,South Korea,,,M
Doojoon,Yoon Doojoon,7/4/89,Highlight,South Korea,Goyang,,M
Dosie,Jang Eunseung,2/11/00,Purple Kiss,South Korea,,,F
Dowoon,Yoon Dowoon,8/25/95,DAY6,South Korea,,,M
Doyeon,Kim Doyeon,12/4/99,Weki Meki,South Korea,Incheon,"I.O.I, WJMK",F
Doyoung,Kim Dongyoung,2/1/96,NCT,South Korea,Guri,"NCT U, NCT 127",M
Doyoung,Kim Doyoung,12/4/03,Treasure,South Korea,,,M
Doyum,Jeon Doyum,2/21/02,1the9,South Korea,Daejeon,,M
Dylan,Park Yeonjae,7/26/02,D-CRUNCH,South Korea,,,M
E'Dawn,Kim Hyojong,6/1/94,,South Korea,,,M
E-Chan,Lee Changmin,2/19/97,DKB,South Korea,,,M
E-tion,Lee Changyoon,12/24/94,ONF,South Korea,Jeonju,,M
E-Young,Noh Yiyoung,8/16/92,After School,South Korea,Chuncheon,,F
E.sol,Jeon Jaehyuk,9/17/92,14U,South Korea,,,M
E:U,Park Jiwon,5/19/98,Everglow,South Korea,,,F
Eli,Ellison Kim,3/13/91,U-KISS,USA,Los Angeles,,M
Elkie,Chong Ting Yan,11/2/98,,Hong Kong,Hong Kong,,F
Ellin,Kim Minyoung,4/2/90,Crayon Pop,South Korea,Daegu,,F
Elly,Jung Haerim,7/20/98,Weki Meki,South Korea,,,F
Ellyn,Bang Sunhee,10/19/02,Girlkind,South Korea,,,F
Eric,Son Youngjae,12/22/00,The Boyz,South Korea,,,M
Eseo,Noh Hyunjung,3/4/96,LUNARSOLAR,South Korea,,,F
Eson,Kim Jungmin,12/28/96,We In The Zone,South Korea,Honolulu,,M
Euaerin,Lee Hyemin,5/3/88,,South Korea,Seoul,,F
Euijin,Hong Euijin,10/8/96,Sonamoo,South Korea,Gwangju,UNI.T,F
Euijin,Lee Euijin,2/15/90,Bigflo,South Korea,Seoul,,M
Eun,Choi Eunmi,5/14/90,Two X,South Korea,,,F
EunB,Shin Eunbi,9/17/00,Maka Maka,South Korea,,,F
EunB,Byun Eunbi,11/23/00,PRECIOUS,South Korea,Busan,,F
Eunbi,Kwon Eunbi,9/27/95,IZ*ONE,South Korea,Seoul,,F
Eunbin,Kwon Eunbin,1/6/00,CLC,South Korea,Seoul,,F
Eunchae,Kwon Chaewon,5/26/99,DIA,South Korea,,,F
Eunha,Jung Eunbi,5/30/97,Gfriend,South Korea,Seoul,,F
Eunho,Shin Donggeun,9/10/92,UNVS,South Korea,,,M
Eunhyuk,Lee Hyukjae,4/4/86,Super Junior,South Korea,Ilsan,Super Junior-M,M
Eunice,Heo Sooyeon,11/2/91,DIA,South Korea,Busan,,F
Eunjae,Kwak Eunjae,5/2/96,14U,South Korea,,,M
Eunji,Jung Eunji,8/18/93,Apink,South Korea,Busan,,F
Eunji,Hong Eunji,7/19/92,Brave Girls,South Korea,Seoul,,F
Eunjin,Ahn Eunjin,8/31/97,,South Korea,Mokpo,,F
Eunjin,Ma Eunjin,5/23/97,Playback,South Korea,Wonju,,F
Eunjin,Moon Eunjin,11/5/98,Highteen,South Korea,,,F
Eunjo,Park Eunjo,3/7/02,Dreamnote,South Korea,,,F
Eunjun,Choi Eunjun,8/6/99,Spectrum,South Korea,,,M
Eunjung,Ham Eunjung,12/12/88,T-ara,South Korea,Seoul,,F
Eunki,Hong Eunki,9/29/97,,South Korea,,,M
Eunkwang,Seo Eunkwang,11/22/90,BtoB,South Korea,Yongin,,M
Eunsang,Lee Eunsang,10/26/02,,South Korea,,,M
Eunseo,Son Juyeon,5/27/98,Cosmic Girls,South Korea,Incheon,,F
Eunsung,Lee Eunsung,9/7/00,TheEastLight,South Korea,,,M
Eunwoo,Jeong Eunwoo,7/1/98,Hinapia,South Korea,,Pristin V,F
Eunwoo,Cha Eunwoo,3/30/97,ASTRO,South Korea,Gunpo,,M
Eunyoung,Joo Eunyoung,6/12/92,Two X,South Korea,,,F
Exy,Chu Sojung,11/6/95,Cosmic Girls,South Korea,Busan,,F
Eyedi,Nam Yujin,12/8/95,,South Korea,,,F
Fei,Wang FeiFei,4/27/87,miss A,China,Haikou,,F
Felix,Lee Youngbok,9/15/00,Stray Kids,South Korea,Sydney,,M
G-Dragon,Kwon Jiyong,8/18/88,BIGBANG,South Korea,Seoul,GD&TOP,M
G.NA,Gina Jane Choi,9/13/87,,Canada,Edmonton,,F
G.O,Jung Byunghee,11/6/87,MBLAQ,South Korea,Changwon,,M
Gabin,Kim Gabin,9/18/89,Blady,South Korea,Busan,,F
Gaeul,Park Gaeul,5/8/99,Favorite,South Korea,Seoul,,F
Gaeun,Cho Kaeun,7/28/92,,South Korea,Changwon,,F
Gaga,Lee Soobin,11/10/94,Gate9,South Korea,,,F
Gaga,Li Jia Jia,9/1/99,,China,,,F
Gahyeon,Lee Gahyeon,2/3/99,Dreamcatcher,South Korea,Seongnam,,F
Gain,Son Gain,9/20/87,Brown Eyed Girls,South Korea,,,F
Gaon,Beom Gaon,3/9/01,Bonus Baby,South Korea,,,F
Gayoon,Heo Gayoon,5/18/90,4minute,South Korea,Seoul,2YOON,F
Gayoung,Kim Gayoung,12/2/91,Stellar,South Korea,Seoul,,F
Geummi,Baek Boram,6/18/88,Crayon Pop,South Korea,Seoul,,F
Gihwan,Kim Gihwan,11/24/93,SIGNAL,South Korea,,,M
Gijung,Kim Gijung,1/24/01,IM,South Korea,,,M
Gikwang,Lee Gikwang,3/30/90,Highlight,South Korea,Gwangju,,M
Giru,Park Giru,8/14/91,Blady,South Korea,Incheon,,F
Giselle,Uchinaga Aeri,10/30/00,aespa,Japan,,,F
Giseok,Jun Giseok,5/2/97,IM,South Korea,,,M
GK,Kim Kwanghyun,9/29/98,DKB,South Korea,,,M
Goeun,Na Goeun,9/3/99,Purple Kiss,South Korea,,,F
Gohn,Kim Dongsung,8/1/92,,South Korea,Seoul,,M
Gohyeon,Go Hyeon,10/1/94,14U,South Korea,,,M
Gon,Kim Seongjung,11/13/98,ARGON,South Korea,,,M
Gongchan,Gong Chansik,8/14/93,B1A4,South Korea,Suncheon,,M
Gowon,Park Chaewon,11/19/00,LOONA,South Korea,,Loona yyxy,F
Gowoon,Moon Joojeong,12/18/98,Berry Good,South Korea,,,F
Gracie,Kim Gaeun,10/28/96,H.U.B,South Korea,,,F
Green,Kim Jiwon,7/1/97,RedSquare,South Korea,Daegu,,F
Gun,Kwak Gun,9/29/01,14U,South Korea,,,M
Gun,Yang Hyuk,3/15/00,ENOi,South Korea,,,M
Gunmin,Lee Gunmin,10/3/94,B.I.G,South Korea,Gangwon,,M
Gunwoo,Lee Gunwoo,1/30/89,MYNAME,South Korea,Daejeon,,M
Gyehyeon,Jo Gyehyeon,5/14/99,Verivery,South Korea,,,M
Gyeongtae,Kwon Gyeongtae,7/23/00,14U,South Korea,,,M
Gyujin,Han Gyujin,11/21/97,UP10TION,South Korea,Icheon,,M
Gyuri,Park Gyuri,5/21/88,KARA,South Korea,Seoul,,F
Gyuri,Jang Gyuri,12/27/97,fromis_9,South Korea,Seoul,,F
Habin,Yoo Habin,3/10/02,,South Korea,,,F
Haebin,Han Haebin,8/16/95,Gugudan,South Korea,,,F
Haechan,Lee Donghyuk,6/6/00,NCT,South Korea,,"NCT 127, NCT Dream",M
Haein,Yeom Haein,5/19/95,LABOUM,South Korea,Ojeonggu,,F
Haena,Lee Haena,6/2/91,Matilda,South Korea,,,F
Haena,Jeon Eunbi,2/19/02,ANS,South Korea,,,F
Haeri,Lee Haeri,2/14/85,Davichi,South Korea,Seoul,,F
Haeri,Jung Haeri,1/14/97,P.O.P,South Korea,Seoul,,F
Haeryeong,Na Haeryeong,11/11/94,BESTie,South Korea,,,F
Haeun,Yoon Haeun,3/12/99,3YE,South Korea,,,F
Haeyeon,Lee Taeyeon,1/11/94,Gate9,South Korea,,,F
Haeyoon,Park Haeyoon,1/10/96,Cherry Bullet,South Korea,,,F
Hajeong,Lee Hajeong,9/23/97,,South Korea,,,F
Hakmin,Lee Hakmin,9/20/00,TRCNG,South Korea,,,M
Hamin,Jo Hamin,10/24/97,ENOi,South Korea,,,M
Han,Han Jisung,9/14/00,Stray Kids,South Korea,Incheon,3RACHA,M
Han Geng,Han Geng,2/9/84,,China,Mudanjiang,,M
Han Hyeri,Han Hyeri,8/24/97,I.B.I,South Korea,Gwangmyeong,,F
Han Leeseul,Han Jiyoon,2/12/00,Rockit Girl,South Korea,,,F
Hana,Shin Bora,4/30/93,Gugudan,South Korea,,,F
Hana,Jung Hana,2/2/90,SECRET,South Korea,Uljeongbu,,F
Hanbyeol,Ahn Hanbyeol,10/13/03,,South Korea,,,F
Hanbyul,Kyung Hanbyul,7/1/05,PRECIOUS,South Korea,Seoul,,F
Handong,Han Dong,3/26/96,Dreamcatcher,China,Wuhan,,F
Haneul,Lee Haneul,6/3/96,ARGON,South Korea,,,M
Haneul,Choi Haneul,11/28/00,Saturday,South Korea,,,F
Hangyul,Lee Hangyul,12/7/99,BAE173,South Korea,,,M
Hani,Ahn Hee-yeon,5/1/92,EXID,South Korea,Seoul,,F
Hanna,Shin Jiyeon,2/19/94,MIXX,South Korea,,,F
Hanse,Do Hanse,9/25/97,VICTON,South Korea,,,M
Hansol,Kim Hansol,6/15/93,,South Korea,Busan,,M
Hanwoom,Byun Hanwoom,6/5/01,PRECIOUS,South Korea,Seoul,,F
Hara,Koo Hara,1/13/91,KARA,South Korea,Gwangju,,F
Harin,Ju Harin,3/29/98,Onewe,South Korea,,,M
Harin,,11/21/95,Lusty,South Korea,Seoul,,F
Harin,Park Guenhye,5/26/00,Pink Fantasy,South Korea,,,F
Harin,Seo Harin,12/7/00,BOTOPASS,South Korea,,,F
Harry-June,Han Harry-June,1/1/04,DKB,South Korea,,,M
Haru,Han Sangsook,7/6/94,Gate9,South Korea,Bucheon,,F
Haru,Abe Haruno,2/21/00,NATURE,Japan,,,F
Haru,Lee Yoojeong,2/26/97,Ho1iday,South Korea,,,F
Haruto,Watanabe Haruto,4/5/04,Treasure,Japan,,,M
Haseul,Jo Haseul,8/18/97,LOONA,South Korea,Ansan,Loona 1/3,F
Hayoon,Jung Hayoon,11/21/98,Bonus Baby,South Korea,,,F
Hayoung,Oh Hayoung,7/19/96,Apink,South Korea,Seoul,,F
Hayoung,Lee Hayoung,8/3/93,Playback,South Korea,,,F
Hayoung,Choi Hayoung,8/22/00,TRCNG,South Korea,,,M
Hayoung,Song Hayoung,9/29/97,fromis_9,South Korea,Gwangju,,F
Hayun,Lee Hayun,8/29/94,Brave Girls,South Korea,Changwon,,F
Heechan,Yang Heechan,7/31/99,DKB,South Korea,,,M
Heechul,Kim Heechul,7/10/83,Super Junior,South Korea,Hoengseong,,M
Heechul,Jung Heechul,12/9/89,ZE:A,South Korea,Jeju,,M
Heedo,Yoon Heedo,4/22/96,B.I.G,South Korea,Seoul,,M
Heejin,Jeon Heejin,10/19/00,LOONA,South Korea,Seongnam,Loona 1/3,F
Heejin,Song Heejin,8/19/95,Good Day,South Korea,Seoul,,F
Heejoo,Jeon Heejoo,11/30/96,Ho1iday,South Korea,,,F
Heejun,Oh Heejun,5/8/96,KNK,South Korea,,,M
Heeo,Gwak Heeoh,5/2/94,4TEN,South Korea,,,F
Heeseok,Yun Heeseok,6/10/97,Limitless,South Korea,,,M
Heeseung,Lee Heeseung,10/15/01,ENHYPEN,South Korea,,,M
Heesu,Kim Heesu,3/24/98,Maka Maka,South Korea,,,F
Heesun,Park Heesun,1/25/05,Pink Fantasy,South Korea,,,F
Heeyu,Choi Heejae,6/30/95,MIXX,South Korea,,,F
Henny,Kang Gayoung,12/1/94,,South Korea,,,F
Henry,Henry Lau,10/11/89,Super Junior-M,Canada,Toronto,,M
Heo Chan,Heo Chan,12/14/95,VICTON,South Korea,,,M
High.D,Kim Dohee,12/21/96,Sonamoo,South Korea,Suwon,,F
HighTop,Lim Hyeontae,3/19/94,Bigflo,South Korea,,,M
Himchan,Kim Himchan,4/19/90,B.A.P,South Korea,Seoul,,M
Hitomi,Honda Hitomi,10/6/01,IZ*ONE,Japan,Toghichi,,F
Hohyeon,Lee Hohyeon,10/14/01,TRCNG,South Korea,,,M
Hojoon,Jeon Hojoon,10/31/92,Topp Dogg,South Korea,Gwangju,,M
Hojung,Go Hojung,10/20/94,HOTSHOT,South Korea,,,M
Hongbin,Lee Hongbin,9/29/93,VIXX,South Korea,Seoul,,M
Honggi,Lee Honggi,3/2/90,FTISLAND,South Korea,Gwangju,,M
Hongil,Yoon Hongil,1/11/99,Astin,South Korea,,,M
Hongjoong,Kim Hongjoong,11/7/98,ATEEZ,South Korea,,,M
Hongseob,Shim Hongseob,1/8/98,24K,South Korea,,,M
Hongseok,Yang Hongseok,4/17/94,PENTAGON,South Korea,,,M
Hoon,Yeo Hoonmin,8/16/91,U-KISS,South Korea,Namyangju,,M
Hoony,Lee Seunghoon,1/11/92,WINNER,South Korea,Busan,,M
Hoshi,Kwon Soonyoung,6/15/96,Seventeen,South Korea,Namyangju,,M
Hoya,Lee Howon,3/28/91,,South Korea,Busan,Infinite H,M
Hoyoung,Bae Hoyoung,8/10/98,Verivery,South Korea,,,M
Hueningkai,Chung Kai,8/14/02,TXT,USA,,,M
Hui,Lee Hwitaek,8/28/93,PENTAGON,South Korea,,,M
Hui,Liang Hui,7/18/95,24K,China,,,M
Huihyeon,Ki Huihyeon,6/16/95,DIA,South Korea,Namwon,,F
Huijun,Noh Huijun,10/7/03,MCND,South Korea,,,M
Hwall,Heo Hyunjoon,3/9/00,,South Korea,Busan,,M
Hwanhee,Lee Hwanhee,5/6/98,UP10TION,South Korea,Daejeon,,M
Hwani,Jo Sihyeon,11/16/94,DUSTIN,South Korea,,,M
Hwanwoong,Yeo Hwanwoong,8/26/98,Oneus,South Korea,,,M
Hwarang,Park Jonghan,12/5/95,Spectrum,South Korea,,,M
Hwasa,Ahn Hyejin,7/23/95,Mamamoo,South Korea,Jeonju,,F
Hweseung,Yoo Hweseung,2/28/95,N.Flying,South Korea,,,M
Hwi,Jo Mingyu,9/26/02,Newkidd,South Korea,,,M
Hwiyoung,Kim Youngkyun,5/11/99,SF9,South Korea,,,M
Hyangsuk,Lee Hyangsuk,4/24/91,2EYES,South Korea,Seoul,,F
Hyebin,Lee Hyebin,1/12/96,MOMOLAND,South Korea,Andong,,F
Hyebin,Im Hyebin,11/10/99,Highteen,South Korea,,,F
Hyebin,Kim Hyebin,3/29/97,AREAL,South Korea,,,F
Hyejeong,Shin Hyejeong,8/10/93,AoA,South Korea,Seoul,,F
Hyeji,Jeong Hyeji,4/2/92,4TEN,South Korea,Seoul,,F
Hyejin,Baek Hyejin,11/21/96,4TEN,South Korea,Sacheon,,F
Hyejin,Kang Hyejin,7/13/00,CRAXY,South Korea,,,F
Hyejoo,Park Hyunjoo,1/12/99,Highteen,South Korea,,,F
Hyemi,Pyo Hyemi,4/3/91,9Muses,South Korea,Gwangju,9MUSES A,F
Hyemi,Kim Hyemi,8/10/90,Fiestar,South Korea,Seoul,,F
Hyeoeun,Lee Hyoeun,3/16/93,Stellar,South Korea,Seoul,,F
Hyeongjun,Song Hyeongjun,11/30/02,,South Korea,,,M
Hyeongjun,Song Hyeongjun,11/30/02,CRAVITY,South Korea,,,M
Hyeongseo,Myeong Hyeongseo,6/25/01,Busters,South Korea,,,F
Hyeongseok,Chu Hyeongseok,9/13/00,Astin,South Korea,,,M
Hyeran,Noh Hyeran,4/9/93,Brave Girls,South Korea,,,F
Hyeri,Lee Hyeri,6/9/94,Girl's Day,South Korea,Gwangju,,F
Hyerim,Woo Hyerim,9/1/92,Wonder Girls,South Korea,Seoul,,F
Hyerin,Seo Hyerin,8/23/93,EXID,South Korea,Gwangju,,F
Hyerin,Kim Hyerin,6/13/93,2EYES,South Korea,Seoul,,F
Hyeseong,Yang Hyeseon,10/15/99,ELRIS,South Korea,,,F
Hyewon,Kang Hyewon,7/5/99,IZ*ONE,South Korea,Yangsan,,F
Hyeyeon,Kang Hyeyeon,12/8/90,BESTie,South Korea,,,F
Hyeyeon,Cho Hyeyeon,8/5/00,,South Korea,,Gugudan Oguogu,F
Hyogyeong,Jang Hyogyeong,11/15/99,ARIAZ,South Korea,,,F
Hyojin,Kim Hyojin,4/22/94,ONF,South Korea,Seoul,,M
Hyojung,Choi Hyojung,7/28/94,Oh My Girl,South Korea,Yangyang,,F
Hyomin,Park Sunyoung,5/30/89,T-ara,South Korea,Busan,,F
Hyorin,Kim Hyojung,12/11/90,SISTAR,South Korea,,SISTAR19,F
Hyosun,Lim Hyosun,7/10/98,H.U.B,South Korea,,,F
Hyosung,Jun Hyoseong,10/13/89,SECRET,South Korea,Cheongju,,F
Hyoyeon,Kim Hyoyeon,9/22/89,SNSD,South Korea,Incheon,,F
Hyuk,Han Sanghyuk,7/5/95,VIXX,South Korea,Daejeon,Big Byung,M
Hyukjin,Jang Hyukjin,12/20/93,100%,South Korea,Busan,,M
Hyuna,Kim Hyuna,6/6/92,4minute,South Korea,Jeolla,,F
Hyuna,Moon Hyuna,1/19/87,,South Korea,Yeosu,,F
Hyunbin,Kwon Hyunbin,3/4/97,JBJ,South Korea,Seoul,,M
Hyunbin,Kim Hyunbin,5/26/04,TRI.BE,South Korea,,,F
Hyungsik,Park Hyungsik,11/16/91,ZE:A,South Korea,Yongin,,M
Hyungwon,Chae Hyungwon,1/15/94,MONSTA X,South Korea,Gwangju,,M
Hyunho,Lee Hyunho,11/4/98,D-CRUNCH,South Korea,,,M
Hyunjae,Lee Jaehyun,9/13/97,The Boyz,South Korea,,,M
Hyunji,Kim Hyunji,6/30/92,Hashtag,South Korea,,,F
Hyunjin,Kim Hyunjin,11/15/00,LOONA,South Korea,Jeonju,Loona 1/3,F
Hyunjin,Hwang Hyunjin,3/20/00,Stray Kids,South Korea,Seoul,,M
Hyunjoo,Lee Hyunjoo,2/5/98,UNI.T,South Korea,Seoul,,F
Hyunjun,Lee Hyunjun,12/21/99,IZ,South Korea,,,M
Hyunkyung,Kim Hyunjong,9/5/98,Romeo,South Korea,,,M
Hyunmin,Byun Hyunmin,4/17/99,,South Korea,,,M
Hyunoh,Park Hyunoh,2/12/99,D-CRUNCH,South Korea,,,M
Hyunseong,Shim Hyunseong,6/9/93,Boyfriend,South Korea,Yeongcheon,,M
Hyunseong,Go Hyunseo,6/17/99,G-reyish,South Korea,,,F
Hyunseung,Jang Hyunseung,9/3/89,,South Korea,Suncheon,Troublemaker,M
Hyunsik,Lim Hyunsik,3/7/92,BtoB,South Korea,Ilsan,,M
Hyunsoo,Kim Hyunsoo,4/12/95,D1CE,South Korea,,,M
Hyunsuk,Choi Hyunsuk,4/21/99,Treasure,South Korea,Daegu,,M
Hyunsuk,Yoon Hyunsuk,9/8/01,CIX,South Korea,,,M
Hyunuk,Han Hyunuk,9/26/94,IN2IT,South Korea,,,M
Hyunwoo,Kim Hyunwoo,1/21/01,TRCNG,South Korea,,,M
Hyunwoo,Baek Hyunwoo,3/19/99,D-CRUNCH,South Korea,,,M
Hyunwook,Ji Hyunwook,7/1/98,D-CRUNCH,South Korea,,,M
Hyunwoong,Kim Hyunwoong,2/8/98,14U,South Korea,,,M
Hyunyoung,Cho Hyunyoung,8/11/91,Rainbow,South Korea,Seoul,"Rainbow Blaxx, Rainbow Pixie",F
I,Cha Yoonji,12/2/96,,South Korea,Busan,,F
I.M,Lim Changkyun,1/26/96,MONSTA X,South Korea,Gwangju,,M
I.N,Yang Jeongin,2/8/01,Stray Kids,South Korea,Busan,,M
Iaan,Yoo Dongju,3/22/02,XUM,South Korea,,,F
Ilhoon,Jung Ilhoon,10/4/94,BtoB,South Korea,Seoul,,M
Inho,Hwang Inho,6/21/93,IN2IT,South Korea,,,M
Inpyo,Lee Inpyo,8/14/95,IN2IT,South Korea,,,M
Inseong,Kim Inseong,7/12/93,SF9,South Korea,,,M
Inseong,Jeong Inseong,7/1/94,KNK,South Korea,,,M
Insoo,Kang Insoo,3/10/88,MYNAME,South Korea,Suwon,,M
Intak,Hwang Intak,8/31/03,P1Harmony,South Korea,,,M
Ireh,Cho Seoyoung,4/30/02,Purple Kiss,South Korea,,,F
Irene,Bae Juhyun,3/29/91,Red Velvet,South Korea,Daegu,Red Velvet - IRENE SEULGI,F
Isa,Lee Chaeyoung,1/23/02,STAYC,South Korea,,,F
Isaac,Voo Isaak,12/12/94,IN2IT,Malaysia,,,M
Isol,,5/1/97,Lusty,South Korea,Seoul,,F
IU,Lee Jieun,5/16/93,,South Korea,Seoul,,F
J,Lee Yeji,2/12/98,ANS,South Korea,,,F
J,Jang Yeeun,12/9/04,STAYC,South Korea,,,F
J-Hoon,Lim Junghoon,7/15/90,B.I.G,South Korea,Seoul,,M
J-Hope,Jung Hoseok,2/18/94,BTS,South Korea,Gwangju,,M
J-Kid,Han Jeonghoon,2/14/00,ENOi,South Korea,,,M
J-Min,Jeon Minwook,10/16/99,BAE173,South Korea,,,M
J-Us,Lee Seungjoon,1/13/95,ONF,South Korea,Seoul,,M
J.seph,Kim Taehyung,6/21/92,KARD,South Korea,,,M
J.YOU,Kim Jaeyu,11/2/00,TOO,South Korea,,,M
Jackson,Jackson Wang,3/28/94,GOT7,Hong Kong,Hong Kong,,M
Jacob,Bae Joonyoung,5/30/97,The Boyz,South Korea,Toronto,,M
Jacob,Zhang Peng,9/7/96,VAV,China,,,M
Jae,Park Jaehyung,9/15/92,DAY6,South Korea,Buenos Aires,,M
Jaebin,Deung Bin,2/13/97,VARSITY,China,Hunan,,M
Jaechan,Park Jaechan,12/6/01,Dongkiz,South Korea,,,M
Jaehan,Kim Jaehan,7/1/95,Spectrum,South Korea,,,M
Jaehee,Lee Jaehee,3/18/04,Weeekly,South Korea,,,F
Jaeho,Kim Jaeho,9/17/92,HISTORY,South Korea,,,M
Jaehwan,Kim Jaehwan,5/27/96,Wanna One,South Korea,Seoul,,M
Jaehyo,Ahn Jaehyo,12/23/90,Block B,South Korea,Busan,,M
Jaehyuk,Yoon Jaehyuk,7/23/01,Treasure,South Korea,,,M
Jaehyun,Jung Yoonoh,2/14/97,NCT,South Korea,Seoul,"NCT U, NCT 127",M
Jaehyun,Kim Jaehyun,7/15/94,N.Flying,South Korea,Seoul,,M
Jaehyun,Bong Jaehyun,1/4/99,Golden Child,South Korea,,,M
Jaejin,Lee Jaejin,12/17/91,FTISLAND,South Korea,Cheongju,,M
Jaejoong,Kim Jaejoong,1/26/86,JYJ,South Korea,Gongju,,M
Jaekyung,Kim Jaekyung,12/24/88,Rainbow,South Korea,Seoul,Rainbow Blaxx,F
Jaemin,Na Jaemin,8/13/00,NCT,South Korea,,NCT Dream,M
Jaeseok,Park Jaeseok,11/20/95,,South Korea,,,M
Jaeun,Ha Jaeun,9/28/99,ARGON,South Korea,,,M
Jaeyoon,Lee Jaeyoon,8/9/94,SF9,South Korea,,,M
Jaeyun,Lee Jaeyun,8/16/00,TOO,South Korea,,,M
Jake,Shim Jaeyoon,11/15/02,ENHYPEN,South Korea,,,M
Jamie,Park Jimin,7/5/97,15&,South Korea,Junggu,,F
Jane,Sung Jiyeon,12/20/97,MOMOLAND,South Korea,Changwon,,F
Jangjun,Lee Jangjun,3/3/97,Golden Child,South Korea,,,M
Jason,Kim Byeongkwan,8/13/96,A.C.E,South Korea,Seoul,,M
Jay,Kim Jinhwan,2/7/94,iKON,South Korea,Jeju,,M
Jay,Park Jongsung,4/20/02,ENHYPEN,South Korea,,,M
JB,Im Jaebum,1/6/94,GOT7,South Korea,Goyang,,M
Jea,Kim Hyojin,9/18/81,Brown Eyed Girls,South Korea,,,F
Jeewon,Kim Jiwon,4/1/99,Cignature,South Korea,Busan,,F
Jehyun,Moon Jehyun,4/20/99,1TEAM,South Korea,,,M
Jei,Kim Jinhee,9/5/89,Fiestar,South Korea,Bucheon,,F
Jen,Kim Yehyeon,3/27/97,UNVS,South Korea,,,M
Jenissi,Kim Taeyang,8/2/91,,South Korea,Seoul,,M
Jennie,Kim Jennie,1/16/96,BLACKPINK,South Korea,Anyang,,F
Jenny,Lee Soyul,9/4/96,,South Korea,Seoul,,F
Jeno,Lee Jeno,4/23/00,NCT,South Korea,,NCT Dream,M
Jeon Woong,Jeon Woong,10/15/97,AB6IX,South Korea,,,M
Jeonghan,Yoon Jeonghan,10/4/95,Seventeen,South Korea,Seoul,,M
Jeonghee,Go Jeonghee,3/11/00,Favorite,South Korea,Incheon,,F
Jeongkyun,Jeong Jeongkyun,11/27/87,,South Korea,,,M
Jeongmin,Lee Jeongmin,2/1/94,Boyfriend,South Korea,Suwon,,M
Jeongseung,Park Jeongseung,5/20/02,D-CRUNCH,South Korea,,,M
Jeonguk,Kim Jeonguk,3/20/93,24K,South Korea,Busan,,M
Jeongwoo,Park Jeongwoo,9/28/04,Treasure,South Korea,,,M
Jeongyeon,Yoo Jeongyeon,11/1/96,Twice,South Korea,Suwon,,F
Jeonyul,Jeon Yuri,3/20/94,Stellar,South Korea,Seoul,,F
Jerome,Oh Sungmin,8/25/01,TOO,South Korea,,,M
Jerrry,Ahn Sohyun,8/27/92,Tahiti,South Korea,Seoul,,F
Jessica,Jessica Jung,4/18/89,,South Korea,,,F
Ji Hansol,Ji Hansol,11/21/94,Newkidd,South Korea,Busan,,M
Jia,Meng Jia,2/3/89,miss A,China,Changja,,F
Jia,Guo Jiajia,7/30/05,TRI.BE,China,,,F
Jiae,Yoo Jiae,5/21/93,Lovelyz,South Korea,Seoul,,F
Jiae,Kim Jiae,10/31/95,Wassup,South Korea,,,F
Jiahn,Yoo Jiahn,4/1/92,IN2IT,South Korea,,,M
Jian,Kwon Jieun,3/14/01,LUNARSOLAR,South Korea,,,F
Jibeom,Kim Jibeom,2/3/99,Golden Child,South Korea,,,M
Jieun,Song Jieun,5/5/90,SECRET,South Korea,Seoul,,F
Jieun,Park Jieun,9/4/97,Purple Kiss,South Korea,,,F
Jieun,Choi Jieun,3/3/01,Bling Bling,South Korea,,,F
Jihan,Han Jihyo,7/12/04,Weeekly,South Korea,,,F
Jiheon,Baek Jiheon,4/17/03,fromis_9,South Korea,Jeolla,,F
Jiho,Kim Jiho,4/4/97,Oh My Girl,South Korea,Okcheon,,F
Jihoo,Lim Soojung,8/5/98,IZ,South Korea,,,M
Jihoon,Park Jihoon,5/29/99,Wanna One,South Korea,Masan,,M
Jihoon,Park Jihoon,3/14/00,Treasure,South Korea,Busan,,M
Jihun,Kim Jihun,1/9/00,TRCNG,South Korea,Daegu,,M
Jihun,Kim Jihun,2/20/95,KNK,South Korea,,,M
Jihyo,Park Jisoo,2/1/97,Twice,South Korea,Guri,,F
Jihyo,Lee Jihyo,4/22/01,PRECIOUS,South Korea,Gyeonggi,,F
Jihyun,Nam Jihyun,1/9/90,4minute,South Korea,Seoul,,F
Jimin,Shin Jimin,1/8/91,,South Korea,Seoul,AOA BLACK,F
Jimin,Park Jimin,10/13/95,BTS,South Korea,Busan,,M
JIN,Park Myungeun,6/12/96,Lovelyz,South Korea,Busan,,F
Jin,Kim Seokjin,12/4/92,BTS,South Korea,Gwacheon,,M
Jin Jin,Park Jinwoo,3/15/96,ASTRO,South Korea,Nowon,,M
JinE,Shin Hyejin,1/22/95,,South Korea,Pohang,,F
Jingyu,Lee Jingyu,4/22/98,Astin,South Korea,,,M
Jinha,Kim Jinha,11/21/03,TRI.BE,South Korea,,,F
Jinho,Jo Jinho,4/17/92,PENTAGON,South Korea,,,M
Jinhong,Kim Jinhong,1/2/98,24K,South Korea,Seoul,,M
Jinhoo,Kim Jinwook,8/2/95,UP10TION,South Korea,Changwon,,M
Jinhui,,11/21/96,Lusty,South Korea,Seongnam,,F
Jinju,Park Jinju,4/28/90,,South Korea,,,F
Jinkwon,Kim Jinkwon,1/31/01,Newkidd,South Korea,,,M
Jinny,Park Jinhee,1/19/98,SECRET NUMBER,South Korea,California,,F
Jinsol,Lee Jinsol,12/4/01,APRIL,South Korea,Andong,,F
JinSoul,Jung Jinsol,6/13/97,LOONA,South Korea,,Loona Odd Eye Circle,F
Jinsung,Jung Jinsung,3/30/02,1the9,South Korea,Seoul,,M
Jinu,Kim Jinwoo,9/26/91,WINNER,South Korea,Imja,,M
Jinwoo,Lee Jinwoo,2/20/96,1TEAM,South Korea,,,M
Jinwoo,Park Jinwoo,1/12/00,ENOi,South Korea,,,M
Jinwoo,Lee Jinwoo,9/13/04,Ghost9,South Korea,,TEEN TEEN,M
Jinyoung,Jung Jinyoung,11/18/91,,South Korea,Chungju,,M
Jinyoung,Park Jinyoung,9/22/94,GOT7,South Korea,Changwon,,M
Jinyoung,Bae Jinyoung,5/10/00,CIX,South Korea,Seoul,,M
Jinyoung,Woo Jinyoung,5/31/97,D1CE,South Korea,,,M
Jisan,Choi Jinsang,11/3/99,Hot Blood Youth,South Korea,,,M
Jisoo,Seo Jisoo,2/11/94,Lovelyz,South Korea,Incheon,,F
Jisoo,Kim Jisoo,1/3/95,BLACKPINK,South Korea,Seoul,,F
Jisoo,Shin Jisoo,2/28/94,Tahiti,South Korea,Chuncheon,,F
Jisoo,Jung Jisoo,11/22/03,Busters,South Korea,,,F
Jisook,Kim Jisook,7/18/90,Rainbow,South Korea,Suwon,Rainbow Pixie,F
Jisu,Choi Jisu,1/19/00,TOO,South Korea,,,M
Jisun,Roh Jisun,11/23/98,fromis_9,South Korea,Seoul,,F
Jisun,Hwang Jisun,10/17/89,S#aFLA,South Korea,,,F
Jisung,Park Jisung,2/5/02,NCT,South Korea,,NCT Dream,M
Jisung,Yoon Jisung,3/8/91,Wanna One,South Korea,Wonju,,M
Jisung,Kim Jisung,12/21/00,TRCNG,South Korea,,,M
Jiu,Kim Minji,5/17/94,Dreamcatcher,South Korea,Daejeon,,F
Jiung,Choi Jiwoong,10/7/01,P1Harmony,South Korea,,,M
Jiwon,Yang Jiwon,4/5/88,UNI.T,South Korea,Seoul,SPICA-S,F
Jiwon,Park Jiwon,3/20/98,fromis_9,South Korea,Busan,,F
Jiwon,Heo Jiwon,9/4/00,Cherry Bullet,South Korea,,,F
Jiwon,Park Jiwon,3/17/97,BOTOPASS,South Korea,,,F
Jiwoo,Jeon Jiwoo,10/4/96,KARD,South Korea,,,F
Jiyeon,Park Jiyeon,6/7/93,T-ara,South Korea,Seoul,,F
Jiyoon,Jeon Jiyoon,10/15/90,4minute,South Korea,Seoul,2YOON,F
Jiyoon,Woo Jiyoon,1/6/96,Bolbbalgan4,South Korea,Yeongju,,F
Jiyoon,Shin Jiyoon,3/2/02,Weeekly,South Korea,,,F
Jiyou,Im Changsook,6/15/89,Two X,South Korea,,,F
Jiyoung,Kang Jiyoung,1/18/94,,South Korea,Paju,,F
Jiyoung,Ahn Jiyoung,9/14/95,Bolbbalgan4,South Korea,Yeongju,,F
Jiyul,Yang Jungyoon,7/30/91,,South Korea,Seoul,,F
JJ,Jun Jihyeok,12/11/98,DUSTIN,South Korea,,,M
JK,Kim Jikang,3/17/98,Girlkind,South Korea,,,F
Johnny,John Seo,2/9/95,NCT,USA,Chicago,NCT 127,M
Johyun,Shin Jiwon,4/14/96,Berry Good,South Korea,,,F
Jongho,Choi Jongho,10/12/00,ATEEZ,South Korea,,,M
Jonghoon,Choi Jonghoon,3/7/90,FTISLAND,South Korea,Seoul,,M
Jonghwan,Jo Jonghwan,11/23/92,100%,South Korea,Seoul,,M
Jonghyeong,Kim Jonghyeong,4/13/02,Dongkiz,South Korea,,,M
Jonghyun,Lee Jonghyun,5/15/90,CNBLUE,South Korea,Busan,,M
Jonghyun†,Kim Jonghyun,4/8/90,,South Korea,Seoul,,M
Jongseob,Kim Jongseob,11/19/05,P1Harmony,South Korea,,,M
Jongup,Moon Jongup,2/6/95,B.A.P,South Korea,Seoul,,M
JOO,Jung Minjoo,10/11/90,,South Korea,Seoul,,F
Joo E,Lee Joowon,8/18/99,MOMOLAND,South Korea,Bucheon,,F
Jooan,Im Jimyoung,10/4/96,We In The Zone,South Korea,Dongtan,,M
Joochan,Hong Joochan,7/31/99,Golden Child,South Korea,,,M
Jooheon,Lee Jooheon,10/6/94,MONSTA X,South Korea,Daegu,,M
Jooyeon,Lee Jooyeon,3/19/87,,South Korea,Seoul,,F
Joshua,Hong Jisoo,12/30/95,Seventeen,USA,Los Angeles,,M
Joy,Park Sooyoung,9/3/96,Red Velvet,South Korea,Jeju,,F
JR,Kim Jonghyun,6/8/95,NU'EST,South Korea,Gangwon,NU'EST W,M
Ju-ne,Koo Junhoe,3/31/97,iKON,South Korea,Seoul,,M
Jueun,Lee Jooeun,7/7/95,DIA,South Korea,Suwon,BinChaenHyunSeuS,F
Jueun,Jo Jueun,1/27/01,ARIAZ,South Korea,,,F
Juhaknyeon,Ju Haknyeon,3/9/99,The Boyz,South Korea,Jeju,,M
Juhyun,Cha Juhyun,4/1/00,Bling Bling,South Korea,,,F
Juju,Park Juyoung,1/3/96,Gate9,South Korea,Changwon,,F
Jun,Weng Junhui,6/10/96,Seventeen,China,Shenzen,,M
Jun,Lee Junyoung,1/22/97,U-KISS,South Korea,,,M
Jun,Park Junhee,6/2/94,A.C.E,South Korea,Jeolla,,M
Jun H.,Im Joonhyun,8/28/91,UNVS,South Korea,,,M
Jun. K,Kim Minjun,1/15/88,2PM,South Korea,Daegu,,M
Jungah,Kim Jungah,8/2/83,,South Korea,Incheon,,F
Junghoon,Lee Junghoon,7/4/00,1TEAM,South Korea,,,M
Junghun,Jang Junghun,2/27/99,Astin,South Korea,,,M
Junghwa,Park Junghwa,5/8/95,EXID,South Korea,Anyang,,F
Junghwan,So Junghwan,2/18/05,Treasure,South Korea,,,M
Jungkook,Jeon Jungkook,9/1/97,BTS,South Korea,Busan,,M
Jungmo,Koo Jungmo,2/5/00,CRAVITY,South Korea,,,M
Jungshin,Lee Jungshin,9/15/91,CNBLUE,South Korea,,,M
Jungwon,Yang Jungwon,2/9/04,ENHYPEN,South Korea,,,M
Jungwoo,Kim Jungwoo,2/19/98,NCT,South Korea,,,M
Jungwoo,Uhm Jungwoo,4/2/99,BVNDIT,South Korea,,,F
Junho,Lee Junho,1/25/90,2PM,South Korea,Ilsan,,M
Junho,Cha Junho,7/9/02,DRIPPIN,South Korea,,,M
Junhyeok,Kim Junhyeok,7/17/93,,South Korea,,,M
Junhyuk,Choi Junhyuk,4/21/92,HOTSHOT,South Korea,Ulsan,,M
Junhyung,Yong Junyung,12/19/89,Highlight,South Korea,Seoul,,M
Junhyung,Son Junhyung,10/21/00,Ghost9,South Korea,,,M
Junji,Kim Junhyung,4/6/98,OnlyOneOf,South Korea,,,M
Junkyu,Kim Junkyu,9/9/00,Treasure,South Korea,,,M
JunQ,Kang Junkyu,8/9/93,MYNAME,South Korea,Uljeongbu,,M
Junseo,Kim Junseo,11/20/01,WEi,South Korea,Ulsan,,M
Junseo,Hwang Junseo,1/16/01,DKB,South Korea,,,M
Junseo,Park Junseo,12/28/01,BAE173,South Korea,,,M
Junseong,Choi Junseong,9/29/02,Ghost9,South Korea,,,M
Juntae,Kim Juntae,9/4/95,MY.st,South Korea,,,M
Junwook,Kim Junwook,1/10/02,TheEastLight,South Korea,,,M
Junyoung,Lee Junyoung,9/23/00,IZ,South Korea,,,M
Juri,Takahashi Juri,10/3/97,Rocket Punch,Japan,,,F
Juyeon,Lee Juyeon,1/16/98,The Boyz,South Korea,,,M
Juyeon,Lee Juyeon,11/6/01,Saturday,South Korea,,,F
K.Me,Na Miri,4/10/92,BADKIZ,South Korea,Yeosu,,F
Kady,Gu Dokyoung,4/7/95,Gate9,South Korea,Busan,,F
Kaeun,Lee Kaeun,8/20/94,After School,South Korea,Seoul,,F
Kahi,Park Jiyoung,12/25/80,,South Korea,Daegu,,F
Kai,Kim Jongin,1/14/94,EXO,South Korea,Suncheon,SuperM,M
Kain,Bang Junho,3/25/97,ARGON,South Korea,,,M
Kanghyun,Kang Hyungu,11/24/98,Onewe,South Korea,,,M
Kangin,Kim Youngwoon,1/17/85,,South Korea,Seoul,,M
Kangmin,Kim Kangmin,11/13/01,TRCNG,South Korea,,,M
Kangmin,Noh Kangmin,9/5/99,Romeo,South Korea,,,M
Kangmin,Yoo Kangmin,1/25/03,Verivery,South Korea,,,M
Kangsung,Lee Kangsung,8/8/02,Ghost9,South Korea,,,M
Karin,Min Karin,1/5/02,ELRIS,South Korea,,,F
Karin,Baek Yerin,4/23/00,CRAXY,South Korea,,,F
Karina,Yoo Jimin,4/11/00,aespa,South Korea,Gyeonggi,,F
KB,Shin Kyubin,4/23/94,OnlyOneOf,South Korea,,,M
Keeho,Yoon Kiho,9/27/01,P1Harmony,Canada,,,M
Kei,Kim Jiyeon,3/20/95,Lovelyz,South Korea,Incheon,,F
Keina,Lee Yoona,2/12/99,H.U.B,South Korea,,,F
Kelly,Lin Kelly,1/16/02,TRI.BE,Taiwan,Kaohsiung,,F
Ken,Lee Jaehwan,4/6/92,VIXX,South Korea,Seoul,,M
Kenta,Takada Kenta,1/10/95,JBJ,Japan,Fujioka,,M
Keonhee,Lee Keonhee,6/27/98,Oneus,South Korea,,,M
Keonwoo,Kim Keonwoo,12/17/96,MY.st,South Korea,,,M
Keumjo,Lee Keumjo,12/17/92,9Muses,South Korea,Daegu,9MUSES A,F
Kevin,Christopher Woo,11/25/91,U-KISS,USA,Los Angeles,,M
Kevin,Kevin Jiyeop Kim,2/23/88,ZE:A,South Korea,Sydney,,M
Kevin,Moon Hyungseo,2/23/98,The Boyz,Canada,,,M
Key,Kim Kibum,9/23/91,SHINee,South Korea,Daegu,Toheart,M
Kiara,Baek Jinjoo,8/20/98,,South Korea,,,F
Kibum,Kim Kibum,8/21/87,,South Korea,Seoul,,M
Kichun,Hwang Kichun,3/14/92,,South Korea,,,M
Kid,Kim Junhoe,10/26/95,VARSITY,South Korea,,,M
Kidoh,Jin Hyosang,12/16/92,,South Korea,Seoul,,M
Kihyun,Yoo Kihyun,11/22/93,MONSTA X,South Korea,Goyang,,M
Kim Lip,Kim Jungeun,2/10/99,LOONA,South Korea,,Loona Odd Eye Circle,F
Kim Sanggyun,Kim Sanggyun,5/23/95,JBJ95,South Korea,Gwangju,JBJ,M
Kim Yoon,Kim Seongsu,2/17/94,DUSTIN,South Korea,,,M
Kino,Kang Hyungku,1/27/98,PENTAGON,South Korea,,,M
Kiseop,Lee Kiseop,1/17/91,U-KISS,South Korea,Seongnam,,M
Kisu,Choi Kisu,10/2/90,24K,South Korea,Seoul,,M
Kiwon,Lee Kiwon,6/27/96,GIDONGDAE,South Korea,,,M
Kokoro,Kato Kokoro,11/1/00,,Japan,,,F
Kongyeol,Go Minsoo,5/19/96,UP10TION,South Korea,Bucheon,,M
Kongyoo,Kong Yoojin,5/11/01,Bonus Baby,South Korea,,,F
Kookheon,Kim Kookheon,4/15/97,B.O.Y,South Korea,,,M
Kriesha Chu,Kriesha Ziskind Teo Tiu,12/20/98,,Philippines,Cebu,,F
Kris,Wu Yifan,11/6/90,,Canada,Guangzhou,,M
Krystal,Krystal Jung,10/24/94,f(x),South Korea,San Francisco,,F
Kuhn,Noh Sooil,11/11/95,UP10TION,South Korea,Ansan,,M
Kun,Qian Kun,1/1/96,NCT,China,,,M
Kwanghee,Hwang Kwanghee,8/25/88,ZE:A,South Korea,Paju,,M
Kwangjin,Kwon Kwangjin,8/12/92,N.Flying,South Korea,Seoul,,M
Kwangmin,Jo Kwangmin,4/24/95,Boyfriend,South Korea,Anyang,,M
Kyeongheon,Yoon Kyeongheon,1/6/98,We In The Zone,South Korea,Suncheon,,M
Kyla,Kyla Massie,12/26/01,Pristin,USA,California,,F
Kyle,Ma Jaekyung,1/15/97,Romeo,South Korea,,,M
Kyuhwan,Lee Kyuhwan,9/18/94,SIGNAL,South Korea,,,M
Kyuhyuk,Shim Kyuhyuk,1/11/95,Hot Blood Youth,South Korea,,,M
Kyuhyun,Cho Kyuhyun,2/3/88,Super Junior,South Korea,Seoul,Super Junior-M,M
Kyulkyung,Zhou Jieqiong,12/16/98,Pristin,China,Taizhou,"I.O.I, Pristin V",F
Kyungho,Jang Kyungho,5/7/01,TOO,South Korea,,,M
Kyungil,Song Kyungil,11/28/87,HISTORY,South Korea,,,M
Kyungri,Park Kyungri,7/5/90,9Muses,South Korea,Busan,9MUSES A,F
Kyungyoon,Lee Kyungyoon,2/21/00,Dongkiz,South Korea,,,M
L,Kim Myungsoo,3/13/92,Infinite,South Korea,Seoul,Infinite F,M
L.Joe,Lee Byunghun,11/23/93,,South Korea,Gunsan,,M
Lai Kuanlin,Lai Kuanlin,9/23/01,Wanna One,Taiwan,New Taipei,,M
Laon,Shin Kyuhyun,12/19/95,ENOi,South Korea,,,M
Lara,Moon Shinae,8/9/00,Dreamnote,South Korea,,,F
Laun,Kim Minseok,8/12/99,,South Korea,Seongsan,,M
Lay,Zhang Yixing,10/7/91,EXO,China,Changsa,,M
Layeon,Lee Jimin,8/13/98,Purplebeck,South Korea,,,F
LE,Ahn Hyejin,12/10/91,EXID,South Korea,Cheonan,,F
Lea,Ogawa Mizuki,8/12/95,SECRET NUMBER,Japan,Tokyo,,F
Lee Haein,Lee Haein,7/4/92,I.B.I,South Korea,Changwon,,F
Lee Hoo,Moon Junyoung,2/9/89,ZE:A,South Korea,Seoul,,M
Lee Hyeop,Lee Hyeop,8/13/99,DRIPPIN,South Korea,,,M
Lee Joon,Lee Changseon,2/7/88,,South Korea,Seoul,,M
Lee Know,Lee Minho,10/25/98,Stray Kids,South Korea,Gimpo,,M
Lee Soo,Jin Isoo,6/27/01,PRECIOUS,South Korea,Incheon,,F
Lee Suhyun,Lee Suhyun,11/5/96,I.B.I,South Korea,Ansan,,F
Leedo,Kim Geonhak,7/26/97,Oneus,South Korea,,,M
Leeteuk,Park Jeongsu,7/1/83,Super Junior,South Korea,Seoul,,M
Lena,Kang Rena,4/17/02,GWSN,South Korea,,,F
Leo,Jung Taekwon,11/10/90,VIXX,South Korea,Seoul,VIXX LR,M
Lex,Jeon Hyungmin,1/12/93,Bigflo,South Korea,,,M
Lia,Choi Jisu,7/21/00,ITZY,South Korea,,,F
Lime,Kim Hyerim,1/19/93,Hello Venus,South Korea,,,F
Lin Lin,Huang Ziting,7/5/03,,Taiwan,,,F
Lina,Oh Sejin,7/27/97,ANS,South Korea,,,F
Lina,Oh Hyesoo,5/23/97,RedSquare,South Korea,,,F
Linzy,Im Minji,10/22/89,Fiestar,South Korea,Incheon,,F
Lisa,Pranpriya Manoban,3/27/97,BLACKPINK,Thailand,Bangkok,,F
Liyah,Moon Liya,5/11/00,MIXX,South Korea,,,F
Lizzy,Park Sooyoung,7/31/92,After School,South Korea,Busan,Orange Caramel,F
Loha,Kang Yejin,12/27/01,Nature,South Korea,,,F
Longguo,Jin Longguo,3/2/96,JBJ,China,Heilong,,M
Lou,Kim Hosung,12/21/96,VAV,South Korea,,,M
Loudi,Won Jihoon,4/13/96,14U,Indonesia,,,M
Love,Park Jisung,1/17/94,OnlyOneOf,South Korea,,,M
Lu,Im Hayoung,12/3/97,NATURE,South Korea,,,F
LuA,Jo Hankyeung,9/14/91,BADKIZ,South Korea,Busan,,F
Lua,Kim Sookyung,10/6/00,Weki Meki,South Korea,,,F
Lucas,Wong Junghei,1/25/99,NCT,Hong Kong,,SuperM,M
Lucy,Noh Hyojung,8/31/02,Weki Meki,South Korea,Goyang,,F
Lucy,Kim Daeun,4/9/04,woo!ah!,South Korea,,,F
Luda,Lee Luda,3/6/97,Cosmic Girls,South Korea,Seoul,"WJSN Chocome, WJMK",F
Luha,Lee Gyeonghun,2/15/93,14U,South Korea,,,M
Luhan,Lu Han,4/20/90,,China,Haidian,,M
Luna,Park Sunyoung,8/12/93,f(x),South Korea,Seoul,,F
Lune,Jung Sungmin,2/27/00,DKB,South Korea,,,M
Manny,Syo Dongchun,11/17/01,VARSITY,China,,,M
Marco,Lee Hyunggeun,5/11/94,Hot Blood Youth,South Korea,,,M
Marin,,3/17/01,Bling Bling,Japan,Osaka,,F
Mark,Mark Lee,8/2/99,NCT,Canada,Vancouver,"NCT U, NCT 127, NCT Dream, SuperM",M
Mark,Mark Yien Tuan,9/4/93,GOT7,USA,Los Angeles,,M
Mashiho,Takata Mashiho,3/25/01,Treasure,Japan,,,M
Max Changmin,Shin Changmin,2/18/88,TVXQ,South Korea,Seoul,,M
May,Jeong Chaeyoung,7/27/01,,South Korea,,,F
May,Hirokawa Mao,11/16/04,Cherry Bullet,Japan,,,F
Medic Jin,Bae Yujin,8/8/96,Girlkind,South Korea,,,F
Meiqi,Meng Meiqi,10/15/98,Cosmic Girls,China,Luoyang,,F
Mia,Son Hyunmi,12/31/97,MIXX,South Korea,,,F
Mia,Han Eunji,1/13/00,Everglow,South Korea,,,F
Mihee,Lee Mihee,8/24/00,BOTOPASS,South Korea,,,F
Mijoo,Lee Mijoo,9/23/94,Lovelyz,South Korea,Okcheon,,F
Miko,Matsuda Miko,10/28/95,Honey Popcorn,Japan,,,F
Mill,Lee Yongsoo,3/30/99,OnlyOneOf,South Korea,,,M
Milo,Kim Minhak,8/20/96,Romeo,South Korea,,,M
Mimi,Jung Mimi,1/1/93,Gugudan,South Korea,,,F
Mimi,Kim Mihyun,5/1/95,Oh My Girl,South Korea,Jeju,,F
Min,Lee Minyoung,6/21/91,miss A,South Korea,Seoul,,F
Min,Lee Mincheon,10/16/97,We In The Zone,South Korea,Seoul,,M
Mina,Kwon Mina,9/21/93,,South Korea,Busan,,F
Mina,Myoui Mina,3/24/97,Twice,Japan,San Antonio,,F
Mina,Kang Mina,12/4/99,Gugudan,South Korea,Icheon,Gugudan Oguogu,F
Minah,Bang Minah,5/13/93,Girl's Day,South Korea,Incheon,,F
Minchan,Hong Minchan,9/16/98,Verivery,South Korea,,,M
Mingi,Son Mingi,8/9/99,ATEEZ,South Korea,,,M
Mingyu,Kim Mingyu,4/6/97,Seventeen,South Korea,Anyang,,M
Minha,Park Minha,6/27/91,,South Korea,Seoul,,F
Minhee,Joo Minhee,1/3/93,Stellar,South Korea,Seoul,,F
Minhee,Kang Minhee,9/17/02,CRAVITY,South Korea,,,M
Minho,Choi Minho,12/9/91,SHINee,South Korea,Incheon,,M
Minho,Lee Minho,9/4/95,MY.st,South Korea,,,M
Minhwan,Choi Minhwan,9/11/92,FTISLAND,South Korea,Seoul,,M
Minhyuk,Lee Minhyuk,11/29/90,BtoB,South Korea,Seoul,,M
Minhyuk,Lee Minhyuk,11/3/93,MONSTA X,South Korea,,,M
Minhyuk,Kang Minhyuk,6/28/91,CNBLUE,South Korea,Ilsan,,M
Minhyuk,Kim Minhyuk,11/6/99,D-CRUNCH,South Korea,,,M
Minhyun,Hwang Minhyun,8/9/95,NU'EST,South Korea,Busan,NU'EST,M
Mini,,6/12/00,Purplebeck,South Korea,,,F
Minjae,Seong Minjae,12/18/94,Sonamoo,South Korea,Busan,,F
Minjae,Shin Minjae,8/13/91,Tahiti,South Korea,Busan,,F
Minjae,Jo Minjae,8/8/94,Spectrum,South Korea,,,M
Minjae,Song Minjae,8/23/03,MCND,South Korea,,,M
Minji,Kim Minji,1/16/01,Busters,South Korea,,,F
Minjoo,Kim Minjoo,2/5/01,IZ*ONE,South Korea,Seoul,,F
Minju,Kang Minjoo,3/11/01,GWSN,South Korea,,,F
Minjung,Cha Minjung,7/15/04,,South Korea,,,F
Minkyung,Kang Minkyung,8/3/90,Davichi,South Korea,Goyang,,F
Minnie,Nicha Yontararak,10/23/97,(G)I-DLE,Thailand,,,F
Mino,Song Minho,3/30/93,WINNER,South Korea,Yongin,,M
Minpyo,Gook Minpyo,11/15/94,B.I.G,South Korea,Gwangju,,M
Minseo,Kim Minseo,8/12/04,woo!ah!,South Korea,,,F
Minseo,Park Minseo,3/21/03,Saturday,South Korea,,,F
Minseo,Kim Minseo,5/13/02,DRIPPIN,South Korea,,,M
Minsu,Park Minsu,4/15/93,Boys Republic,South Korea,Gwangju,,M
Minsu,Kim Minsu,3/20/00,TOO,South Korea,,,M
Minsung,Kim Minhwi,12/24/96,Romeo,South Korea,,,M
Minwoo,No Minwoo,7/31/95,Boyfriend,South Korea,Anyang,,M
Minwoo,Ha Minwoo,9/6/90,ZE:A,South Korea,Yangsan,,M
Minwoo,Seo Minwoo,2/8/85,100%,South Korea,Daegu,,M
Minyoung,Kim Minyeong,9/12/90,Brave Girls,South Korea,Seongnam,,F
Minzy,Kong Minji,1/18/94,2NE1,South Korea,,,F
Mir,Bang Cheolyong,3/10/91,MBLAQ,South Korea,Bukhamyeon,,M
Mir,Lee Yoonsang,3/6/00,Astin,South Korea,,,M
Mirae,Kim Kyungjoo,3/26/98,,South Korea,,,F
Mire,Su Mire,3/26/06,TRI.BE,Japan,,,F
Miryo,Jo Mihye,11/2/81,Brown Eyed Girls,South Korea,,,F
Miso,Park Miso,4/4/91,Tahiti,South Korea,Gwangju,,F
Miso,Park Jihyun,9/16/96,P.O.P,South Korea,Busan,,F
Miso,Jeon Jimin,10/25/00,Dreamnote,South Korea,,,F
Miya,Miyauchi Haruka,5/26/93,GWSN,Japan,,,F
Miyeon,Jo Miyeon,1/31/97,(G)I-DLE,South Korea,,,F
MJ,Kim Myungjun,3/5/94,ASTRO,South Korea,Nowon,,M
MK,Park Minkyun,11/16/95,ONF,South Korea,Ilsan,,M
Moko,Sakura Moko,3/19/91,Honey Popcorn,Japan,,,F
Momo,Hirai Momo,11/9/96,Twice,Japan,Kyoto,,F
Monday,Kim Jimin,5/10/02,Weeekly,South Korea,,,F
Monika,Kang Yeh,5/21/91,BADKIZ,South Korea,Seoul,,F
Moon Bin,Moon Bin,1/26/98,ASTRO,South Korea,Cheongju,,M
Moonbyul,Moon Byulyi,12/22/92,Mamamoo,South Korea,Bucheon,,F
Moonhee,Choi Moonhee,4/15/97,Bonus Baby,South Korea,,,F
Moonvok,Jang Moonvok,4/11/95,Limitless,South Korea,,,M
Munik,Jang Moonik,3/20/01,Dongkiz,South Korea,,,M
Muzin,Kim Hyunwoo,3/29/01,BAE173,South Korea,,,M
N,Cha Hakyeon,6/30/90,VIXX,South Korea,Changwon,Big Byung,M
Nada,Yoon Yejin,5/24/91,,South Korea,,,F
Naeun,Son Naeun,2/10/94,Apink,South Korea,Seoul,,F
Naeun,Lee Naeun,5/5/99,APRIL,South Korea,Daejeon,,F
Nahyun,Kim Nahyun,12/9/95,Sonamoo,South Korea,Seoul,,F
Nako,Yabuki Nako,6/18/01,IZ*ONE,Japan,Tokyo,,F
Nakta,Shin Yooncheol,4/24/93,,South Korea,Daegu,,M
Nakyung,Lee Nakyung,6/1/00,fromis_9,South Korea,Mungyeong,,F
Namjoo,Kim Namjoo,4/15/95,Apink,South Korea,Seoul,,F
Nana,Im Jinah,9/14/91,After School,South Korea,Cheongju,Orange Caramel,F
Nana,Kwon Nayeon,3/9/01,woo!ah!,South Korea,,,F
Nancy,Nancy Mcdonie,4/13/00,MOMOLAND,South Korea,Daegu,,F
Nara,Kwon Nara,3/13/91,Hello Venus,South Korea,Seongnam,,F
Narachan,Jung Hyunwoo,9/23/96,MONT,South Korea,,,M
Narae,Park Narae,2/23/88,SPICA,South Korea,Incheon,SPICA-S,F
Nari,Kim Nari,10/5/92,Wassup,South Korea,,,F
Narin,Lee Narin,10/29/01,Bling Bling,South Korea,,,F
Narsha,Park Hyojin,12/28/81,Brown Eyed Girls,South Korea,,,F
Nason,Kim Duyeop,6/12/95,CHECKMATE,South Korea,,,M
Nayeon,Im Nayeon,9/22/95,Twice,South Korea,Seoul,,F
Nayoung,Kim Nayoung,11/23/95,Gugudan,South Korea,,,F
Nayoung,Im Nayoung,12/18/95,Pristin,South Korea,Chungcheongham,"I.O.I, Pristin V",F
Nayun,Kim Nayun,7/31/98,MOMOLAND,South Korea,Seoul,,F
NC.A,Im Soeun,10/7/96,UNI.T,South Korea,Osan,,F
New,Choi Chanhee,4/26/98,The Boyz,South Korea,Jeonju,,M
New Sun,Choi Yoonsun,6/19/97,Sonamoo,South Korea,,,F
Ni-Ki,Nishimura Riki,12/9/05,ENHYPEN,Japan,,,M
Nichkhun,Nichkhun Horvejkul,6/24/88,2PM,Thailand,California,,M
Nicole,Nicole Jung,10/7/91,,South Korea,Los Angeles,,F
Niel,Ahn Daniel,8/16/94,Teen Top,South Korea,Anyang,,M
Nine,Jung Wookjin,12/13/99,OnlyOneOf,South Korea,,,M
Ningning,Ning Yizhuo,10/23/02,aespa,China,Harbin,,F
Noah,Hwang Seundae,3/18/98,CHECKMATE,South Korea,,,M
Noeul,No Eul,5/10/89,Rainbow,South Korea,Jeonju,,F
O.V,Kim Sanchan,1/3/99,D-CRUNCH,South Korea,,,M
Olivia Hye,Son Hyeju,11/13/01,LOONA,South Korea,,Loona yyxy,F
Onda,Jo Selim,5/18/00,Everglow,South Korea,,,F
Onejunn,Jo Wonjun,11/22/88,Boys Republic,South Korea,Changwon,,M
Onew,Lee Jinki,12/14/89,SHINee,South Korea,Gwangmyeong,,M
P-Goon,Park Sehyuk,10/18/91,,South Korea,Seoul,,M
P.O,Pyo Jihoon,2/2/93,Block B,South Korea,Seoul,Bastarz,M
Park Kyung,Park Kyung,7/8/92,Block B,South Korea,Seoul,,M
Peniel,Shin Donggeun,3/10/93,BtoB,South Korea,Chicago,,M
Prince,Pasidh Vataniyapromote,1/10/03,Ghost9,Thailand,,,M
PSY,Park Jaesang,12/31/77,,South Korea,Seoul,,M
Q,Ji Changmin,11/5/98,The Boyz,South Korea,,,M
Qri,Lee Jihyun,12/12/86,T-ara,South Korea,Goyang,,F
Rachel,Sung Nayeon,8/28/00,APRIL,South Korea,,,F
Rain,Jung Jihoon,6/25/82,,South Korea,Seosan,,M
Raina,Oh Hyerin,5/7/89,After School,South Korea,Ulsan,Orange Caramel,F
Rano,Byun Yongseop,12/10/98,E'LAST,South Korea,,,M
Raon,Lee Seoyoung,1/21/00,ANS,South Korea,,,F
Ravi,Kim Wonsik,2/15/93,VIXX,South Korea,Seoul,VIXX LR,M
Ravn,Kim Yoongjo,9/2/95,Oneus,South Korea,,,M
Raychan,Lee Heechan,4/18/96,Limitless,South Korea,,,M
Red,Lee Heejin,7/10/91,Pungdeng-E,South Korea,Daegu,,F
Remi,Katsuno Rise,4/26/01,Cherry Bullet,Japan,,,F
Ren,Choi Minki,11/3/95,NU'EST,South Korea,Busan,NU'EST W,M
Rena,Kang Yebin,10/19/98,Hinapia,South Korea,,Pristin V,F
Renjun,Hwang Renjun,3/23/00,NCT,China,Jilin,NCT Dream,M
Ria,Kuwayama Ria,2/3/98,BOTOPASS,Japan,,,F
Ricky,Yoo Changhyun,2/27/95,Teen Top,South Korea,Seoul,,M
Rie,Lee Seungho,11/6/96,OnlyOneOf,South Korea,,,M
Riho,Jin Seungwook,3/1/98,VARSITY,South Korea,Incheon,,M
Rina,Kang Soeun,9/27/01,Weki Meki,South Korea,,,F
Rio,Son Gwanghyuk,7/16/99,14U,South Korea,,,M
RM,Kim Namjoon,9/12/94,BTS,South Korea,Ilsan,,M
Roa,Kim Minkyung,7/29/97,Hinapia,South Korea,,Pristin V,F
Rocky,Park Minhyuk,2/25/99,ASTRO,South Korea,Jinju,,M
Roda,Shin Joongmin,9/19/98,MONT,South Korea,,,M
Roel,Kim Sunho,2/13/97,ARGON,South Korea,,,M
Rokhyun,Kim Rokhyun,2/10/91,100%,South Korea,Suncheon,,M
Romin,Choi Youngmin,4/24/01,E'LAST,South Korea,,,M
Ron,Cheon Byeonghwa,1/22/91,Bigflo,South Korea,,,M
Rosé,Roseanne Park,2/11/97,BLACKPINK,South Korea,Auckland,,F
Rowoon,Kim Seokwoo,8/7/96,SF9,South Korea,,,M
Royeon,Jeon Hyunjoo,2/20/98,ANS,South Korea,,,F
Rubin,Lee Haejoon,8/16/95,1TEAM,South Korea,,,M
Rui,Watanabe Rui,10/8/94,H.U.B,Japan,,,F
Ryeowook,Kim Ryeowook,6/21/87,Super Junior,South Korea,Incheon,Super Junior-M,M
Ryujin,Shin Ryujin,4/17/01,ITZY,South Korea,,,F
S.Coups,Choi Seungcheol,8/8/95,Seventeen,South Korea,Daegu,,M
Saebom,Kim Saerok,1/30/97,NATURE,South Korea,,,F
Saebom,Kim Seyoung,1/13/95,Favorite,South Korea,Gwacheon,,F
Saebyeok,Shim Jaeyoung,11/9/96,Ho1iday,South Korea,,,F
Saebyeol,Han Saebyeol,5/23/96,Matilda,South Korea,,,F
Saerom,Lee Saerom,1/7/97,fromis_9,South Korea,Gangwon,,F
Sakang,Jeon Sakang,10/26/02,TheEastLight,South Korea,,,M
Sakura,Miyawaki Sakura,3/19/98,IZ*ONE,Japan,Kagoshima,,F
Sally,Liu Xiening,10/23/96,Gugudan,China,Guangdong,,F
Samuel,Kim Samuel,1/17/02,,South Korea,Los Angeles,,M
San,Choi San,7/10/99,ATEEZ,South Korea,,,M
Sana,Minatozaki Sana,12/29/96,Twice,Japan,Osaka,,F
Sandeul,Lee Junghwan,3/20/92,B1A4,South Korea,Busan,,M
Sanga,Lee Sanga,8/5/99,Pink Fantasy,South Korea,,,F
Sangdo,Yoo Sangdo,3/2/93,Topp Dogg,South Korea,Incheon,,M
Sangho,Jo Sangho,2/10/95,SNUPER,South Korea,Changwon,,M
Sanghoon,Lee Sanghoon,12/23/93,,South Korea,Cheongju,,M
Sangil,Shim Sangil,5/1/93,SNUPER,South Korea,Seoul,,M
Sangmin,Kim Sangmin,7/7/92,CROSS GENE,South Korea,Jinju,,M
Sangyeon,Lee Sangyeon,11/4/96,The Boyz,South Korea,,,M
Sanha,Yoon Sanha,3/21/00,ASTRO,South Korea,Seoul,,M
Sea,Kim Sujeong,12/5/99,Highteen,South Korea,,,F
Sebin,Jang Sebin,4/24/96,SNUPER,South Korea,Pocheon,,M
Seea,Kang Eunyoung,8/21/94,Pink Fantasy,South Korea,,,F
Seeun,Yoon Seeun,6/14/03,STAYC,South Korea,,,F
Segye,Shin Segye,8/19/98,AREAL,South Korea,,,F
Sehun,Oh Sehun,4/12/94,EXO,South Korea,Seoul,,M
Sehyung,Kang Sehyung,12/13/98,Berry Good,South Korea,,,F
Sei,Lee Seojung,1/7/00,Weki Meki,South Korea,,,F
Sejeong,Kim Sejeong,8/28/96,Gugudan,South Korea,,,F
Sejin,Lee Sejin,7/22/99,14U,South Korea,,,M
Sejun,Lim Sejun,5/4/96,VICTON,South Korea,,,M
Seline,Jung Yeonjeong,7/20/00,Cignature,South Korea,,,F
Semi,Gu Semi,4/10/02,Cignature,South Korea,,,F
Semmi,Oh Heesun,10/22/95,Matilda,South Korea,,,F
Seogoong,Park Hyunho,5/1/92,,South Korea,Seongnam,,M
Seoham,Park Seoham,10/28/93,KNK,South Korea,,,M
Seoho,Lee Seoho,6/7/96,Oneus,South Korea,,,M
Seohyun,Seo Joohyun,6/28/91,SNSD,South Korea,Seoul,TTS,F
Seokcheol,Lee Seokchul,1/11/00,TheEastLight,South Korea,,,M
Seokhwa,Kang Seokhwa,12/1/00,WEi,South Korea,,,M
Seokyoung,Kim Seokyung,4/16/99,GWSN,South Korea,,,F
Seol,Min Jihye,1/1/97,P.O.P,South Korea,Gunsan,,F
Seola,Kim Hyunjung,12/24/94,Cosmic Girls,South Korea,Seoul,WJMK,F
Seolhyun,Kim Seolhyun,1/3/95,AoA,South Korea,Bucheon,,F
Seonghwa,Park Seonghwa,4/3/98,ATEEZ,South Korea,Jinju,,M
Seonglee,Kim Seonglee,4/6/94,,South Korea,,,M
Seongmin,Ahn Seongmin,8/1/03,CRAVITY,South Korea,,,M
Seongwu,Ong Seunwu,8/25/95,Wanna One,South Korea,Incheon,,M
Seoryoung,Lee Seoryung,1/26/00,GWSN,South Korea,,,F
Seoyeon,Lee Seoyeon,1/22/00,fromis_9,South Korea,Seoul,,F
Seoyeon,Kim Minju,11/26/95,Favorite,South Korea,Gwacheon,,F
Seoyoon,Kim Suyoung,1/26/95,BOTOPASS,South Korea,,,F
Seoyoung,Lee Seoyoung,6/27/94,Hello Venus,South Korea,,,F
Seoyul,Seo Yuri,11/26/97,Berry Good,South Korea,,,F
Serim,Park Serim,3/3/99,CRAVITY,South Korea,,,M
Serri,Park Miyeon,9/16/90,Dal Shabet,South Korea,Seoul,,F
Seulgi,Kang Seulgi,2/10/94,Red Velvet,South Korea,Seoul,Red Velvet - IRENE SEULGI,F
Seulgi,Jeong Seulgi,5/12/90,S#aFLA,South Korea,,,F
Seungah,Oh Seungah,9/13/88,Rainbow,South Korea,Seoul,"Rainbow Blaxx, Rainbow Pixie",F
Seungbo,Jung Seungbo,11/1/97,VARSITY,South Korea,Ilsan,,M
Seungchan,Kang Seungchan,1/1/03,Newkidd,South Korea,,,M
Seungeun,Shim Seungeun,12/27/00,BVNDIT,South Korea,,,F
Seunghan,Lee Seunghan,2/22/96,DUSTIN,South Korea,,,M
Seunghee,Oh Seunghee,10/10/95,CLC,South Korea,Gwangju,,F
Seunghee,Hyun Seunghee,1/25/96,Oh My Girl,South Korea,Chuncheon,,F
Seungho,Yang Seungho,10/16/87,MBLAQ,South Korea,Seoul,,M
Seunghun,Kim Seunghun,2/26/99,CIX,South Korea,,,M
Seunghwan,Lee Seunghwan,12/10/94,Romeo,South Korea,,,M
Seunghwan,Lee Seunghwan,5/20/00,1the9,South Korea,,,M
Seunghyub,Lee Seunghyub,10/31/92,N.Flying,South Korea,Daegu,,M
Seunghyun,Song Seungyun,8/21/92,FTISLAND,South Korea,Seoul,,M
Seunghyun,Lee Seunghyun,12/31/01,TheEastLight,South Korea,,,M
Seungjun,Ji Seungjun,9/15/98,Astin,South Korea,,,M
Seungkwan,Boo Seungkwan,1/16/98,Seventeen,South Korea,Jeju,,M
Seungmin,Bae Seungmin,10/13/98,Golden Child,South Korea,,,M
Seungmin,Kim Seungmin,9/22/00,Stray Kids,South Korea,Seoul,,M
Seungmin,Lee Seungmin,2/3/96,Hashtag,South Korea,,,F
Seungri,Lee Seunghyun,12/12/90,BIGBANG,South Korea,Gwangju,,M
Seungsik,Kang Seungsik,4/16/95,VICTON,South Korea,,,M
Seungwoo,Han Seungwoo,12/24/94,VICTON,South Korea,,,M
Seungyeon,Jang Seunyeon,11/6/96,CLC,South Korea,Seongnam,,F
Seungyeon,Han Seungyeon,7/24/88,KARA,South Korea,Seoul,,F
Seungyeop,Choi Seungyeop,5/8/97,E'LAST,South Korea,,,M
Seungyoon,Cho Seungyoon,8/5/96,UNIQ,South Korea,,,M
Seyeon,Park Seyeon,5/6/01,Purplebeck,South Korea,,,F
Seyong,Kim Seyong,11/20/91,MYNAME,South Korea,Busan,,M
Seyoung,Lee Seyoung,2/8/90,CROSS GENE,South Korea,Busan,,M
Shiho,Kwon Subin,8/22/01,BOTOPASS,South Korea,,,F
Shihyun,Kim Shihyun,5/6/98,We In The Zone,South Korea,Changwon,,M
Shin,Shin Wonho,10/23/91,CROSS GENE,South Korea,Seoul,,M
Shin,Kim Suhyun,3/18/00,Ghost9,South Korea,,,M
Shindong,Shin Donghee,9/28/85,Super Junior,South Korea,Mungyeong,,M
Shinwon,Go Shinwon,12/11/95,PENTAGON,South Korea,,,M
Shinyoung,Park Shinyoung,3/19/00,G-reyish,South Korea,,,F
Shotaro,Osaki Shotaro,11/25/00,NCT,Japan,,NCT U,M
Shownu,Son Hyunwoo,6/18/92,MONSTA X,South Korea,,,M
Shuhua,Yeh Shuhua,1/6/00,(G)I-DLE,Taiwan,,,F
Sieun,Lee Sieun,9/19/93,CHECKMATE,South Korea,,,F
Sieun,Park Sieun,8/1/01,STAYC,South Korea,,,F
Sihyeon,Kim Sihyeon,8/5/99,Everglow,South Korea,,,F
Sihyeon,Kang Sihyeon,7/15/98,ARIAZ,South Korea,,,F
Sihyoung,Kim Sihyoung,5/15/92,HISTORY,South Korea,Busan,,M
Sihyun,Park Sihyun,11/29/86,SPICA,South Korea,,SPICA-S,F
Sika,Ren Shika,8/22/95,FANATICS,China,,,F
Simyeong,Lee Simyeong,5/27/99,BVNDIT,South Korea,,,F
SinB,Hwang Eunbi,6/3/98,Gfriend,South Korea,Cheongju,,F
Siu,Hwang Inseok,5/19/95,DUSTIN,South Korea,,,M
Siwan,Yim Siwan,12/1/88,ZE:A,South Korea,Busan,,M
Siwon,Choi Siwon,4/7/86,Super Junior,South Korea,Seoul,Super Junior-M,M
Siwoo,Yoo Siwoo,5/11/01,TRCNG,South Korea,,,M
Siyeon,Lee Siyeon,10/1/95,Dreamcatcher,South Korea,Daegu,,F
Soeun,Park Soeun,10/26/02,Weeekly,South Korea,,,F
Soeun,Bang Soeun,12/10/05,TRI.BE,South Korea,,,F
Sohee,Kim Sohee,1/20/95,Nature,South Korea,Busan,C.I.V.A,F
Sohee,Kim Sohee,12/31/99,ELRIS,South Korea,,,F
Sohee,Kim Sohee,8/14/03,Rocket Punch,South Korea,,,F
Sohye,Kim Sohye,7/19/99,,South Korea,Seoul,,F
Sohyun,Kwon Sohyun,8/30/94,4minute,South Korea,Seoul,,F
Sojin,Park Sojin,5/21/86,Girl's Day,South Korea,Daegu,,F
Sojin,Jo Sojin,10/11/91,9Muses,South Korea,Gwangju,9MUSES A,F
Sojin,Hong Sojin,9/24/99,Hashtag,South Korea,,,F
Sojung,Lee Sojung,9/3/93,Ladies' Code,South Korea,Wonju,,F
Solar,Kim Yongsun,2/21/91,Mamamoo,South Korea,Seoul,,F
Solbin,Ahn Solbin,8/19/97,LABOUM,South Korea,Ojeonggu,,F
Solji,Heo Solji,1/10/89,EXID,South Korea,Seongnam,,F
Somi,Jeon Somi,3/9/01,,South Korea,Ontario,,F
Somin,Jang Somin,11/10/93,BADKIZ,South Korea,Gwangmyeon,,F
Somin,Jeon Somin,8/22/96,KARD,South Korea,Seoul,,F
Somyi,Ahn Somyi,1/26/00,DIA,South Korea,Changwon,L.U.B,F
Song,Song Yunhyeong,2/8/95,iKON,South Korea,,,M
Songhee,Yoon Songhee,11/8/98,BVNDIT,South Korea,,,F
SongSun,Kim Songsun,3/22/97,TRI.BE,South Korea,,,F
Songyee,Park Songyee,9/25/04,woo!ah!,South Korea,,,F
Soobin,Park Soobin,9/14/96,Cosmic Girls,South Korea,Seoul,WJSN Chocome,F
Soobin,Choi Soobin,12/5/00,TXT,South Korea,,,M
Soodam,Lee Soodam,11/9/99,SECRET NUMBER,South Korea,,,F
Soohyun,Shin Soohyun,3/11/89,U-KISS,South Korea,Pocheon,,M
Soojin,Seo Soojin,3/9/98,(G)I-DLE,South Korea,,,F
Soojin,Lee Soojin,12/12/01,Weeekly,South Korea,,,F
Sooyoung,Choi Sooyoung,2/10/90,SNSD,South Korea,Gwangju,,F
Sora,Sakata Sora,8/30/03,woo!ah!,Japan,,,F
Sorn,Chonnasorn Sajakul,11/18/96,CLC,Thailand,Bangkok,,F
Soso,Wang Chingyi,3/14/01,GWSN,Taiwan,,,F
Soul,Haku Shota,2/1/05,P1Harmony,Japan,,,M
Sowon,Kim Sojung,12/7/95,Gfriend,South Korea,Seoul,,F
Soyee,Jang Sojin,11/21/96,Gugudan,South Korea,,,F
Soyeon,Jung Soyeon,5/4/94,LABOUM,South Korea,Gwangju,,F
Soyeon,Park Soyeon,10/5/87,T-ara,South Korea,Andong,,F
Soyeon,Jeon Soyeon,8/26/98,(G)I-DLE,South Korea,,,F
Soyou,Kang Jihyun,2/12/92,SISTAR,South Korea,,,F
Soyoung,Yoo Soyoung,3/29/96,,South Korea,Seoul,,F
Soyul,Park Hyekyeong,5/15/91,Crayon Pop,South Korea,Seoul,,F
St. Van,Lee Geumhyuk,12/22/91,VAV,South Korea,,,M
Sua,Kim Bora,8/10/94,Dreamcatcher,South Korea,Changwon,,F
Sua,Yang Sua,3/24/95,Hashtag,South Korea,Gwangju,,F
Subin,Park Subin,2/12/94,Dal Shabet,South Korea,Gwangju,,F
Subin,Jung Subin,4/5/99,VICTON,South Korea,,,M
Subin,Oh Subin,9/30/98,Hashtag,South Korea,,,F
Suga,Min Yoongi,3/9/93,BTS,South Korea,Daegu,,M
Sugyeong,Jo Sugyeong,1/12/00,Favorite,South Korea,Haenam,,F
Suho,Kim Junmyeon,5/22/91,EXO,South Korea,Seoul,,M
Suhyeon,Kim Seunghyun,4/19/88,S#aFLA,South Korea,,,F
Suhyun,Choi Hyunggeun,10/1/92,SNUPER,South Korea,Bucheon,,M
Sujeong,Ryu Sujeong,11/19/97,Lovelyz,South Korea,Daejeon,,F
Suji,Lee Suji,3/20/98,UNI.T,South Korea,Busan,,F
Sujin,Bang Sujin,6/26/96,Wassup,South Korea,,,F
Sulli†,Choi Jinri,3/29/94,,South Korea,Busan,,F
Sumin,Ji Sumin,3/3/94,Sonamoo,South Korea,Yongin,,F
Sumin,Park Sumin,9/9/01,Dreamnote,South Korea,,,F
Sumin,Bae Sumin,3/13/01,STAYC,South Korea,,,F
Sun J,Jeon Heesun,2/13/01,Girlkind,South Korea,,,F
Sungah,Son Sungah,7/8/89,9Muses,South Korea,Suma,,F
Sungchan,Jung Sungchan,9/13/01,NCT,South Korea,,NCT U,M
Sunghoon,Park Sunghoon,12/8/02,ENHYPEN,South Korea,,,M
Sunghyuk,Seo Sunghyuk,8/26/99,,South Korea,,,M
Sunghyun,Kim Sunghyun,3/16/96,IN2IT,South Korea,,,M
Sungjae,Yook Sungjae,5/2/95,BtoB,South Korea,Yongin,Big Byung,M
Sungjin,Park Sungjin,2/16/93,DAY6,South Korea,,,M
Sungjong,Lee Sungjong,9/3/93,Infinite,South Korea,Gwangju,Infinite F,M
Sungjoo,Kim Sungjoo,2/16/94,UNIQ,South Korea,,,M
Sungjun,Park Sungjun,12/17/92,Boys Republic,South Korea,Ansan,,M
Sungkyu,Kim Sungkyu,4/28/89,Infinite,South Korea,Jeonju,,M
Sungmin,Lee Sungmin,1/1/86,Super Junior,South Korea,Gyeonggi,Super Junior-M,M
Sungmin,Oh Sungmin,12/31/90,Bigflo,South Korea,,,M
Sungoh,Yoo Sungoh,1/8/91,,South Korea,,,M
Sungwon,Park Sungwon,12/18/03,1the9,South Korea,Seoul,,M
Sungwoon,Ha Sungwoon,3/22/94,Wanna One,South Korea,Goyang,HOTSHOT,M
Sungyeol,Lee Sungyeol,8/27/91,Infinite,South Korea,Yongin,Infinite F,M
Sungyeon,Bae Sungyeon,5/25/99,Pristin,USA,California,,F
Sunhwa,Han Sunhwa,10/6/90,,South Korea,Busan,,F
Sunmi,Lee Sunmi,5/2/92,Wonder Girls,South Korea,Iksan,,F
Sunn,Hwang Jiwon,2/7/00,Cignature,South Korea,Jincheon,,F
Sunny,Lee Sunkyu,5/15/89,SNSD,South Korea,California,,F
Sunoo,Kim Sunwoo,6/24/03,ENHYPEN,South Korea,,,M
Sunshine,Kim Minjung,6/20/02,NATURE,South Korea,,,F
Sunwoo,Choi Sunwoo,3/12/92,Boys Republic,South Korea,Seoul,,M
Sunwoo,Kim Sunwoo,4/12/00,The Boyz,South Korea,,,M
Sunyoul,Seon Yein,11/6/96,UP10TION,South Korea,Wando,,M
Suri,Kang Suri,10/11/94,CHECKMATE,South Korea,,,F
Surin,Kim Surin,12/27/91,Two X,South Korea,,,F
Suwoong,Lee Suwoong,1/20/95,Boys Republic,South Korea,,,M
Suyeon,Ji Suyeon,4/20/97,Weki Meki,South Korea,,,F
Suyun,Kim Suyun,3/17/01,Rocket Punch,South Korea,,,F
Suzy,Bae Suji,10/10/94,miss A,South Korea,Gwangju,,F
Swan,Kim Suan,12/28/00,CRAXY,South Korea,,,F
Swan,Park Soojin,7/11/03,Purple Kiss,South Korea,,,F
T.O.P,Choi Seunghyun,11/4/87,BIGBANG,South Korea,Seoul,GD&TOP,M
Taecyeon,Ok Taecyeon,12/27/88,2PM,South Korea,Busan,,M
Taedong,Kim Taedong,11/7/97,GIDONGDAE,South Korea,,,M
Taeeun,Moon Taeeun,2/9/00,IM,South Korea,,,M
Taeha,Yoo Taeha,10/5/95,,South Korea,,,F
Taeha,Kim Taeha,6/3/98,,South Korea,Jeonju,,F
Taeheon,Kim Taeheon,6/18/89,ZE:A,South Korea,Gwangju,,M
Taehyun,Nam Taehyun,5/10/94,,South Korea,Hanam,,M
Taehyun,Noh Taehyun,10/15/93,HOTSHOT,South Korea,Seoul,JBJ,M
Taehyun,Kang Taehyun,2/5/02,TXT,South Korea,,,M
Taeil,Lee Taeil,9/24/90,Block B,South Korea,Seoul,,M
Taeil,Moon Taeil,6/14/94,NCT,South Korea,Seoul,"NCT U, NCT 127",M
Taekhyeon,Jung Taekhyeon,7/28/03,1the9,South Korea,Gunpo,,M
Taemin,Lee Taemin,7/18/93,SHINee,South Korea,Seoul,SuperM,M
Taera,Lee Yujin,4/12/94,Gate9,South Korea,Incheon,,F
Taeryeong,Lim Jeongmin,12/27/00,LUNARSOLAR,South Korea,,,F
Taeseon,Yang Taeseon,9/17/00,TRCNG,South Korea,,,M
Taesung,Lee Taesung,12/19/03,Ghost9,South Korea,,TEEN TEEN,M
Taewoo,Kim Taewoo,4/23/99,1the9,South Korea,,,M
Taewoong,Yoo Taewoong,5/24/94,SNUPER,South Korea,,,M
Taeyang,Dong Youngbae,5/18/88,BIGBANG,South Korea,Uljeongbu,,M
Taeyang,Yoo Taeyang,2/28/97,SF9,South Korea,,,M
Taeyeon,Kim Taeyeon,3/9/89,SNSD,South Korea,Jeonju,"TTS, Oh!GG",F
Taeyong,Lee Taeyong,7/1/95,NCT,South Korea,,"NCT U, NCT 127,SuperM",M
Taeyoung,Kim Taeyoung,1/27/03,CRAVITY,South Korea,,,M
TAG,Son Youngtaek,4/13/98,Golden Child,South Korea,,,M
Takuya,Terada Takuya,3/18/92,CROSS GENE,Japan,Moriya,,M
Tao,Hwang Zitao,5/2/93,,China,Qingdao,,M
Taro,Choi Wonjin,11/9/94,Hot Blood Youth,South Korea,,,M
Ten,Chittaphon Leechaiyapornkul,2/27/96,NCT,Thailand,Bangkok,"NCT U,SuperM",M
Teo,Jang Sungsik,10/22/97,DKB,South Korea,,,M
Terry,Han Dasom,2/2/98,,South Korea,,,F
The8,Xu Minghao,11/7/97,Seventeen,China,Anshan,,M
Theo,Choi Taeyang,7/1/01,P1Harmony,South Korea,,,M
Thunder,Park Sanghyun,10/7/90,,South Korea,Busan,,M
Tiffany,Hwang Miyoung,8/1/89,SNSD,South Korea,San Francisco,TTS,F
Timoteo,Kim Moongyu,1/25/93,HOTSHOT,South Korea,,,M
Tina,Christine Joy Park,9/1/94,Blady,USA,Los Angeles,,F
Tzuyu,Chou Tzuyu,6/14/99,Twice,Taiwan,Tainan,,F
U,Mizuguchi Yuto,3/16/99,ONF,Japan,Osaka,,M
U-Know Yunho,Jung Yunho,2/6/86,TVXQ,South Korea,Gwangju,,M
U-Kwon,Kim Yukwon,4/9/92,Block B,South Korea,Suwon,Bastarz,M
U-Si,Yoo Jiyeon,11/13/97,BADKIZ,South Korea,Iksan,,F
Uchae,Yu Hyejun,5/7/02,NATURE,South Korea,,,F
Uee,Kim Yujin,4/9/88,,South Korea,Daegu,,F
Uji,Jang Yuji,1/2/91,,South Korea,,,F
Umji,Kim Yewon,8/19/98,Gfriend,South Korea,Incheon,,F
V,Kim Taehyung,12/30/95,BTS,South Korea,Daegu,,M
Vernon,Choi Hansol,2/18/98,Seventeen,USA,New York,,M
Victoria,Song Qian,2/2/87,f(x),China,Qingdao,,F
Viki,Kang Eunhye,3/28/88,,South Korea,Seoul,,F
Villain,Lee Seunghyun,7/17/98,Spectrum,South Korea,,,M
Vivi,Wong Viian,12/9/96,LOONA,Hong Kong,Hong Kong,Loona 1/3,F
Vivian,Park Sunghee,12/8/98,Gate9,South Korea,,,F
Way,Heo Minsun,7/12/90,Crayon Pop,South Korea,Seoul,,F
Wei,Lee Sungjun,7/8/96,UP10TION,South Korea,Seoul,,M
Wendy,Son Seunghwan,2/21/94,Red Velvet,South Korea,Seoul,,F
Wenhan,Li Wenhan,7/22/94,UNIQ,China,,,M
Wheein,Jung Wheein,4/17/95,Mamamoo,South Korea,Jeonju,,F
Win,Bang Junhyuk,12/19/04,MCND,South Korea,,,M
Winter,Kim Minjung,1/1/01,aespa,South Korea,Yangsan,,F
Winwin,Dong Sicheng,10/28/97,NCT,China,Zhejiang,NCT 127,M
Won Hyuk,Won Hyuk,2/22/02,E'LAST,South Korea,,,M
Woncheol,Jung Woncheol,1/12/96,MY.st,South Korea,,,M
Wondae,Seol Wondae,4/28/98,Dongkiz,South Korea,,,M
Wonho,Shin Hoseok,3/1/93,,South Korea,Anyang,,M
Wonjin,Won Jin,1/1/03,GIDONGDAE,South Korea,,,M
Wonjin,Ham Wonjin,3/22/01,CRAVITY,South Korea,,,M
Wonjun,Lee Wonjun,3/8/02,E'LAST,South Korea,,,M
Wonpil,Kim Wonpil,4/28/94,DAY6,South Korea,,,M
Wontak,Ju Wontak,2/24/96,,South Korea,,,M
Wonwoo,Jeon Wonwoo,7/17/96,Seventeen,South Korea,Changwon,,M
Wonyoung,Jang Wonyoung,8/31/04,IZ*ONE,South Korea,Seoul,,F
Woo-ah,Kim Chaewon,7/20/97,CRAXY,South Korea,,,F
Woobin,Seo Woobin,10/16/00,CRAVITY,South Korea,,,M
Woochul,Shin Woochul,10/2/02,Newkidd,South Korea,,,M
Woodam,Park Woodam,8/2/95,D1CE,South Korea,,,M
Woohee,Bae Woohee,9/21/91,Dal Shabet,South Korea,Busan,UNI.T,F
Woohyun,Nam Woohyun,2/8/91,Infinite,South Korea,Seoul,Toheart,M
Woojin,Park Woojin,11/2/99,AB6IX,South Korea,Busan,,M
Woojin,Lee Woojin,4/3/03,TheEastLight,South Korea,,,M
Woojin,Kim Woojin,4/8/97,,South Korea,Daejeon,,M
Woojin,Lee Woojin,4/7/03,Ghost9,South Korea,,TEEN TEEN,M
Woojin,Lee Woojin,11/22/96,MY.st,South Korea,,,M
Woojoo,Kim Woojoo,8/12/96,Wassup,South Korea,,,F
Woojoo,Kim Sangyoon,9/18/96,14U,South Korea,,,M
Woolim,Hwang Woolim,8/29/96,Playback,South Korea,,,F
Woonggi,Cha Woonggi,4/23/02,TOO,South Korea,,,M
Woori,Go Woori,2/22/88,Rainbow,South Korea,Jeonju,Rainbow Blaxx,F
Wooseok,Jeong Wooseok,1/31/98,PENTAGON,South Korea,,,M
Wooshin,Kim Wooseok,10/27/96,UP10TION,South Korea,Daejeon,,M
Woosu,Kim Minseok,11/23/99,IZ,South Korea,,,M
Woosung,Choi Sunghyuk,9/24/94,SNUPER,South Korea,Seoul,,M
Wooyeon,Park Jinkyung,2/11/03,woo!ah!,South Korea,,,F
Wooyeop,Jo Wooyeop,9/27/00,TRCNG,South Korea,,,M
Wooyoung,Jang Wooyoung,4/30/89,2PM,South Korea,Busan,,M
Wooyoung,Jung Wooyoung,11/26/99,ATEEZ,South Korea,,,M
Woozi,Lee Jihoon,11/22/96,Seventeen,South Korea,Busan,,M
Wow,Kim Seyoon,2/28/93,A.C.E,South Korea,Gyeonggi,,M
Wyatt,Shim Jaeyoung,1/23/95,ONF,South Korea,Seoul,,M
Xeheun,Lee Seheun,7/11/99,Girlkind,South Korea,,,F
Xero,Shin Jiho,2/3/94,Topp Dogg,South Korea,Gwangji,,M
Xia Junsu,Kim Junsu,12/15/86,JYJ,South Korea,,,M
Xiao,Lee Dongyeol,12/13/98,UP10TION,South Korea,Busan,,M
Xin,Wang Xinwi,11/10/96,VARSITY,China,,,M
Xion,Son Dongju,1/10/00,Oneus,South Korea,,,M
Xiumin,Kim Minseok,3/26/90,EXO,South Korea,Guri,EXO-CBX,M
Xiweol,Kang Minseok,10/21/96,VARSITY,South Korea,,,M
Xiyeon,Park Junghyun,11/14/00,Pristin,South Korea,,,F
Xuanyi,Wu Xuanyi,1/26/95,Cosmic Girls,China,Hainan,,F
Y,Choi Sungyoon,7/31/95,Golden Child,South Korea,,,M
Yan An,Yan An,10/25/96,PENTAGON,China,Shanghai,,M
Yano,Seo Sangwon,9/27/95,Topp Dogg,South Korea,Seoul,,M
Yeah,Kim Haeun,10/9/99,Cignature,South Korea,Gongju,,F
Yebin,Baek Yebin,7/13/97,DIA,South Korea,Chuncheon,UNI.T,F
Yechan,Shin Yechan,5/14/01,1the9,South Korea,Seoul,,M
Yechan,Kim Yechan,11/26/95,Pink Fantasy,South Korea,,,F
Yedam,Bang Yedam,5/7/02,Treasure,South Korea,,,M
YeeEun,Jang Yeeun,8/10/98,CLC,South Korea,Dongducheon,,F
Yeeun,Hwang Yeeun,1/12/97,Blady,South Korea,Gimhae,,F
Yehana,Kim Yewon,2/22/99,Pristin,South Korea,Ilsan,,F
Yehyeon,Kim Yehyeon,9/12/99,GIDONGDAE,South Korea,,,M
Yein,Jeong Yein,6/4/98,Lovelyz,South Korea,Incheon,,F
Yein,Ahn Yein,5/4/95,MELODYDAY,South Korea,,,F
Yeji,Hwang Yeji,5/26/00,ITZY,South Korea,,,F
Yejun,Oh Yejun,8/23/02,E'LAST,South Korea,,,M
Yellow,Kim Eunbi,5/5/93,Pungdeng-E,South Korea,Seoul,,F
Yena,Yang Yena,5/22/00,APRIL,South Korea,Daegu,,F
Yena,Jeong Yena,4/10/00,G-reyish,South Korea,,,F
Yena,Choi Yena,9/29/99,IZ*ONE,South Korea,Seoul,,F
Yenny,Park Yeeun,5/26/89,Wonder Girls,South Korea,Goyang,,F
Yeo One,Yeon Changgu,3/27/96,PENTAGON,South Korea,,,M
Yeoeun,Jung Jieun,1/25/90,MELODYDAY,South Korea,,,F
Yeojin,Im Yeojin,11/11/02,LOONA,South Korea,Guro,Loona 1/3,F
Yeonha,Ahn Yeonji,5/19/00,P.O.P,South Korea,Yeondong,,F
Yeonhee,Kim Yeonhee,12/6/00,Rocket Punch,South Korea,,,F
Yeonho,Ju Yeonho,5/31/00,Verivery,South Korea,,,M
Yeonjoo,Song Yeonjoo,6/26/97,P.O.P,South Korea,Ansan,,F
Yeonjun,Choi Yeonjun,9/13/99,TXT,South Korea,,,M
Yeonjung,Yu Yeonjung,8/3/99,Cosmic Girls,South Korea,Gwangmyeong,I.O.I,F
Yeontae,Jeong Yeontae,7/6/92,IN2IT,South Korea,,,M
Yeonwoo,Lee Dabin,8/1/96,,South Korea,Seoul,,F
Yeoreum,Lee Jinsook,1/10/99,Cosmic Girls,South Korea,Seoul,WJSN Chocome,F
Yeoreum,Ahn Chaeyeon,6/4/96,Hello Venus,South Korea,,,F
Yeori,Kim Soyeon,5/30/94,Gate9,South Korea,Seoul,,F
Yeori,Choi Yeori,9/8/99,ARIAZ,South Korea,,,F
Yeosang,Kang Yeosang,6/15/99,ATEEZ,South Korea,Incheon,,M
Yeoun,Lee Kyeongbin,9/3/97,ARGON,South Korea,,,M
Yeowool,Ha Yeowool,4/11/98,Purplebeck,South Korea,,,F
Yeram,Yang Yeram,3/31/00,Astin,South Korea,,,M
Yeri,Kim Yerim,3/5/99,Red Velvet,South Korea,Seoul,,F
Yerim,Jeong Yerim,3/10/97,Purplebeck,South Korea,,,F
Yerin,Baek Yerin,6/26/97,15&,South Korea,Daejeon,,F
Yerin,Jung Yerin,8/19/96,Gfriend,South Korea,Incheon,,F
Yeryung,,6/22/02,Lusty,South Korea,Busan,,F
Yeseo,Kang Yeseo,8/22/05,Busters,South Korea,,,F
Yeso,Lee Yeso,11/13/01,G-reyish,South Korea,,,F
Yesung,Kim Jongwoon,8/24/84,Super Junior,South Korea,Seoul,,M
Yezi,Lee Yeji,8/26/94,Fiestar,South Korea,Gangneung,,F
Yibo,Wang Yibo,8/5/97,UNIQ,China,,,M
Yijeong,Jang Yijeong,9/10/93,HISTORY,South Korea,Jinju,,M
Yiren,Wang Yiren,12/29/00,Everglow,China,,,F
Yixuan,Zhou Yixuan,12/11/90,UNIQ,China,,,M
Yiyeon,Jung Dasol,5/28/95,BVNDIT,South Korea,,,F
Yohan,Kim Yohan,9/22/99,WEi,South Korea,,,M
Yonggeun,Jo Yonggeun,1/23/95,D1CE,South Korea,,,M
Yongguk,Bang Yongguk,3/31/90,B.A.P,South Korea,Incheon,,M
Yongha,Yoo Yongha,1/11/99,WEi,South Korea,,,M
Yonghee,Kim Yonghee,2/17/00,CIX,South Korea,,,M
Yonghoon,Jin Yonghoon,8/17/94,Onewe,South Korea,,,M
Yonghwa,Jung Yonghwa,6/22/89,CNBLUE,South Korea,Seoul,,M
Yongseok,Kim Yongseok,1/8/93,CROSS GENE,South Korea,Seoul,,M
Yongseok,Choi Yongseok,5/23/96,CHECKMATE,South Korea,,,M
Yongseung,Kim Yongseung,6/17/00,Verivery,South Korea,,,M
Yooa,Yoo Siah,9/17/95,Oh My Girl,South Korea,Seoul,,F
Yoochun,Park Yoochun,7/4/86,JYJ,South Korea,Seoul,,M
Yoohyeon,Kim Yoohyeon,1/7/97,Dreamcatcher,South Korea,Incheon,,F
Yoojin,Jang Yoojin,9/14/92,,South Korea,,,F
Yoojun,Jun Yoojun,7/26/95,D1CE,South Korea,,,M
Yoojun,Jung Gun,12/27/00,BAE173,South Korea,,,M
Yoojung,Choi Yoojung,11/12/99,Weki Meki,South Korea,Guri,"I.O.I, WJMK",F
Yoojung,Lee Taeyeop,5/19/97,OnlyOneOf,South Korea,,,M
Yookyung,Seo Yookyung,3/15/93,,South Korea,,,F
Yoomin,Na Yoomin,8/29/93,MELODYDAY,South Korea,,,F
Yoon,Heo Yoon,9/23/94,4TEN,South Korea,,,F
Yoon,Kang Seungyoon,1/21/94,WINNER,South Korea,Busan,,M
Yoon,Ji Hayoon,7/8/97,Gate9,South Korea,Busan,,F
Yoon,Shim Jayoon,4/14/04,STAYC,South Korea,,,F
Yoona,Im Yoona,5/30/90,SNSD,South Korea,Seoul,,F
Yoonbin,Ha Yoonbin,12/11/00,,South Korea,,,M
Yoonhye,Jung Yoonhye,4/14/90,Rainbow,South Korea,Daejeon,,F
Yoonhye,Jung Yoonhye,10/4/01,FANATICS,South Korea,,FANATICS FLAVOR,F
Yoonji,,7/21/98,Lusty,South Korea,,,F
Yoonjo,Shin Yoonjo,12/14/92,UNI.T,South Korea,Seoul,,F
Yoonsan,Yoon Sanghyuk,8/22/94,HOTSHOT,South Korea,,,M
Yoosung,Jeong Yoosung,10/8/92,,South Korea,,,M
Yooyoung,Lee Yooyoung,1/23/95,Hello Venus,South Korea,Suwon,,F
Yoseob,Yang Yoseob,1/5/90,Highlight,South Korea,Seoul,,M
Yoshinori,Kanemoto Yoshinori,5/15/00,Treasure,Japan,Kobe,,M
Youi,Kim Jihyeo,4/24/00,Dreamnote,South Korea,,,F
Young K,Kang Young-hyun,12/19/93,DAY6,South Korea,,,M
Youngbin,Kim Youngbin,11/23/93,SF9,South Korea,,,M
Youngho,Noh Youngho,3/24/93,SIGNAL,South Korea,,,M
Younghoon,Kim Younghoon,8/8/97,The Boyz,South Korea,,,M
Youngjae,Yoo Youngjae,1/24/94,B.A.P,South Korea,Seoul,,M
Youngjae,Choi Youngjae,9/17/96,GOT7,South Korea,Mokpo,,M
Youngji,Hur Youngji,8/30/94,,South Korea,Goyang,,F
Youngmin,Jo Youngmin,4/24/95,Boyfriend,South Korea,Anyang,,M
Youngmin,Lim Youngmin,12/25/95,,South Korea,Busan,MXM,M
Youngseo,Ryu Youngseo,6/13/02,BAE173,South Korea,,,M
Youngwoong,Cho Youngwoon,5/1/99,14U,South Korea,,,M
Yua,Mikami Yua,8/16/93,Honey Popcorn,Japan,,,F
Yubin,Kim Yubin,10/4/88,Wonder Girls,South Korea,Gwangju,,F
Yubin,Cho Yubin,10/9/99,Pink Fantasy,South Korea,,,F
Yubin,Kim Yubin,2/27/02,Bling Bling,South Korea,,,F
Yuem,Park Subin,12/25/96,H.U.B,South Korea,,,F
Yugyeom,Kim Yugyeom,11/17/97,GOT7,South Korea,Namyangju,,M
Yuha,Kang Kyungwon,11/5/97,Hinapia,South Korea,,,F
Yujeong,Kim Yujeong,2/14/92,LABOUM,South Korea,Seoul,,F
Yujeong,Nam Yujeong,5/2/91,Brave Girls,South Korea,Seoul,,F
Yuji,Son Yuji,11/25/98,3YE,South Korea,,,F
Yujin,Choi Yujin,8/12/96,CLC,South Korea,Jeonju,,F
Yujin,Seo Yoojin,6/18/94,Playback,South Korea,,,F
Yujin,Jeong Yujin,10/23/89,S#aFLA,South Korea,,,F
Yujin,Ahn Yujin,9/1/03,IZ*ONE,South Korea,Cheongju,,F
Yuju,Choi Yuna,10/4/97,Gfriend,South Korea,Goyang,,F
Yuju,Choi Yuju,3/5/97,Cherry Bullet,South Korea,,,F
Yuki,Lim Jiyeon,1/30/02,Saturday,South Korea,,,F
Yuki,Mori Koyuki,9/11/02,Purple Kiss,Japan,,,F
Yuku,Amanumu Yuku,5/12/02,DKB,Japan,,,M
Yukyung,Lee Yukyung,11/5/99,ELRIS,South Korea,,,F
Yulhee,Kim Yulhee,11/27/97,,South Korea,Bucheon,,F
Yuna,Seo Yuna,12/30/92,AoA,South Korea,Busan,AOA BLACK,F
Yuna,Lee Yuna,4/6/93,Brave Girls,South Korea,Seoul,,F
Yuna,Shin Yuna,12/9/03,ITZY,South Korea,,,F
Yunho,Jang Yunho,4/15/00,VARSITY,South Korea,,,M
Yunho,Jeong Yunho,3/23/99,ATEEZ,South Korea,Gwangju,,M
Yunji,Lee Yunji,4/4/92,Playback,South Korea,,,F
Yunji,Kim Yunji,8/26/96,ARIAZ,South Korea,,,F
Yunkyung,Seo Yunkyung,11/1/01,Rocket Punch,South Korea,,,F
Yunmin,Yun Min,2/26/01,Newkidd,South Korea,,,M
Yunseong,Hwang Yunseong,10/30/00,DRIPPIN,South Korea,,,M
Yunsung,Hwang Yunsung,3/19/96,Romeo,South Korea,,,M
Yuqi,Song Yuqi,9/23/99,(G)I-DLE,China,Beijing,,F
Yura,Kim Ahyoung,11/6/92,Girl's Day,South Korea,Ulsan,,F
Yuri,Kwon Yuri,12/5/89,SNSD,South Korea,Goyang,,F
Yuri,Jo Yuri,10/22/01,IZ*ONE,South Korea,Busan,,F
Yurim,Park Yurim,4/13/98,3YE,South Korea,,,F
Yuta,Nakamoto Yuta,10/26/95,NCT,Japan,Osaka,NCT 127,M
Yuto,Adachi Yuto,1/23/98,PENTAGON,Japan,,,M
Yuuri,Tokunaga Yuuri,5/16/01,LUNARSOLAR,Japan,,,F
Yuvin,Song Yuvin,4/28/98,B.O.Y,South Korea,,,M
Yves,Ha Sooyoung,5/24/97,LOONA,South Korea,,Loona yyxy,F
YY,Kim Moonyong,8/30/91,UNVS,South Korea,,,M
Z-UK,Jeong Jaewook,1/27/93,,South Korea,,,M
Zelo,Choi Junhong,10/15/96,B.A.P,South Korea,Mokpo,,M
Zhou Mi,Zhou Mi,4/19/86,Super Junior-M,China,Wuhan,,M
Zico,Woo Jiho,9/14/92,Block B,South Korea,Seoul,,M
Ziu,Park Heejun,6/16/97,VAV,South Korea,,,M
ZN,Bae Jinye,6/9/94,LABOUM,South Korea,Bucheon,UNI.T,F
Zoa,Cho Hyewon,5/31/05,Weeekly,South Korea,,,F
Zuho,Bae Juho,7/4/96,SF9,South Korea,,,M
Zuny,Kim Joomi,12/8/94,Ladies' Code,South Korea,Gwangju,,F